Details about   Men's Fashion Luxury Watch Stainless Steel Band Sport Analog Quartz Wristwatches,$12.99/ea,US,"1,533",https://www.ebay.com/itm/Mens-Fashion-Luxury-Watch-Stainless-Steel-Band-Sport-Analog-Quartz-Wristwatches/291811439713?_trkparms=ispr%3D1&hash=item43f1513461:m:mkSaGlxO_zwvsagujI2vQpQ&enc=AQAEAAACQBPxNw%2BVj6nta7CKEs3N0qUC7uJTjA0ZAK627dcmYhHYnNXp7c1j0o6LFLfF%2BHj0DO3ULTg4kuoNAGm42qW7E8ZcHI7ERQH78lhJ0rC8hdLHe9rtQGZRgj3ZO6HbzQB4eGX%2B4pEXVZhZurpQXDyVzvgVNkcBpON3WXFxUg99htjRSPlviDXOjahRUKq%2FB5a4y6LbGq2%2FS%2BbnHZsivLYSfNEGFsU%2BwU7hgLOipYV6CRRT%2B2Rp7gUqkApZ1iPcLdLtBhBKXMCoXiwD7ElANs28EY6cl%2Buw0HqruBkL4cLypr9NhNoJ%2Fw62p8JxXG%2FzjBux7DFDwCBg5R%2B80sssvWZ0eTugCdfqkRnlRCntCjEueAbVx2TjGnW4P7josfDLJV6UvFrQUrecXOq8EM56z5zIiJFDS0qqappPfPhfsGWsdSS%2FTX1rVwxld1ywZHy%2FijFVhF2NlXSn%2BJdFRj5pjBNEk8BsEhz9QlWuOJeO3ufw6q26A43m9rHTiP%2BuCKUlhJvKJV96fPkdsSBoPhZV77Ef2N8h6QEk407VbiA5LLRVVBXY6Y5zmUs6tcW%2BFtKh%2FI9ZgAvAFvkULpavMNTLdZgMrxNotBdPDiPB4Oknu17iqXH9Sx9wZq9IOThkSHc%2F2CGW0zwkmXvfxD8zUwoK4MFWnyzILkIfp7MkqKxVlHf%2BlJoDsJWLgpSpIaIW9QDF%2BGnBOX%2FvfOj9ZjtJHJOM5o1Gu8fLA2xZmyfPCT%2BQc%2BNMVV%2Bgmx%2F8RvOB6%2BsSUmDH94%2BdIA%3D%3D&checksum=291811439713182703007992438db3d22cae57f0452e&enc=AQAEAAACQBPxNw%2BVj6nta7CKEs3N0qUC7uJTjA0ZAK627dcmYhHYnNXp7c1j0o6LFLfF%2BHj0DO3ULTg4kuoNAGm42qW7E8ZcHI7ERQH78lhJ0rC8hdLHe9rtQGZRgj3ZO6HbzQB4eGX%2B4pEXVZhZurpQXDyVzvgVNkcBpON3WXFxUg99htjRSPlviDXOjahRUKq%2FB5a4y6LbGq2%2FS%2BbnHZsivLYSfNEGFsU%2BwU7hgLOipYV6CRRT%2B2Rp7gUqkApZ1iPcLdLtBhBKXMCoXiwD7ElANs28EY6cl%2Buw0HqruBkL4cLypr9NhNoJ%2Fw62p8JxXG%2FzjBux7DFDwCBg5R%2B80sssvWZ0eTugCdfqkRnlRCntCjEueAbVx2TjGnW4P7josfDLJV6UvFrQUrecXOq8EM56z5zIiJFDS0qqappPfPhfsGWsdSS%2FTX1rVwxld1ywZHy%2FijFVhF2NlXSn%2BJdFRj5pjBNEk8BsEhz9QlWuOJeO3ufw6q26A43m9rHTiP%2BuCKUlhJvKJV96fPkdsSBoPhZV77Ef2N8h6QEk407VbiA5LLRVVBXY6Y5zmUs6tcW%2BFtKh%2FI9ZgAvAFvkULpavMNTLdZgMrxNotBdPDiPB4Oknu17iqXH9Sx9wZq9IOThkSHc%2F2CGW0zwkmXvfxD8zUwoK4MFWnyzILkIfp7MkqKxVlHf%2BlJoDsJWLgpSpIaIW9QDF%2BGnBOX%2FvfOj9ZjtJHJOM5o1Gu8fLA2xZmyfPCT%2BQc%2BNMVV%2Bgmx%2F8RvOB6%2BsSUmDH94%2BdIA%3D%3D&checksum=291811439713182703007992438db3d22cae57f0452e
Details about   Men's Akribos XXIV AK959 Quartz Sunray Dial Date Stainless Steel Mesh Watch,$34.77,US,"1,708",https://www.ebay.com/itm/Mens-Akribos-XXIV-AK959-Quartz-Sunray-Dial-Date-Stainless-Steel-Mesh-Watch/122339397594?_trkparms=ispr%3D1&hash=item1c7bff0fda:m:mEPJerxNJTviahD5GLU55ig&enc=AQAEAAACQBPxNw%2BVj6nta7CKEs3N0qVOwexzJv1zSU8GiV4pX52ves3lUHsUtxOQB62iknHpS9tHhqrmugOTq9qVgeh2VORJBTmCN%2FQn8YU2gtn7aFkcuXesBnwmtLMiYjy7LcTbIJt1XXfD3TLjl7PM6dVCSPBV78Acm6JtcXtwM0BaQFhfTzJK2eOcLZPiKEFrTMLs1w4wYzPI47Fe%2BNgQXrreJASzJhXt9yGahmqmtSsbHps9%2FCBunKPdLgGdczbwr0BFFK1Sx58tiAK9JxTq4GkcVWHLNiFKSsmGPsB8dVGBIDHD8LVMbzrhkli4ypV%2FNmcknFEy%2FKssAGg3eobmYIkDvxRWfcLQtKkxgMHZX01WAzRIkTOghCqIIy6s6rh%2FPagsBm4%2FssDFszQGiwhYfrJ7AAY7%2BlfmKYWGiCchjjS3kxbblj0mI0rKv0OpGjWVY3T5ht5ZsmkZSCLNsEAqAdsAEUBPnZ1Mg%2F3Ro8yF2Gz3ZJXQVv4ZNctv%2Bd8v2Oy29cfQoQ0ZSQOX2cGWFsA5VHiamFj5c%2Bq6EK6okNQ%2BCW3FegkzMYZB%2B52X3pqL%2BKoWwINbevBDmZTofxdUxFjXFyG%2BfPYAAe0dkZyFTiPWo9Q5JYCI8BoTtfvLGxL7Mwa9p5rROOqKRlDTDAKpoPKQfoNFBqVNR8h4CTUMO9NrUyEcKn2QsWljerqRQBSwVedf85rr%2FrZsdxQR1e1E7EgaIHb6b4obzPekd9krmEk%2FKygr%2FSjGzRe3R7NfIHgETQ1nnOyUhw%3D%3D&checksum=122339397594182703007992438db3d22cae57f0452e&enc=AQAEAAACQBPxNw%2BVj6nta7CKEs3N0qVOwexzJv1zSU8GiV4pX52ves3lUHsUtxOQB62iknHpS9tHhqrmugOTq9qVgeh2VORJBTmCN%2FQn8YU2gtn7aFkcuXesBnwmtLMiYjy7LcTbIJt1XXfD3TLjl7PM6dVCSPBV78Acm6JtcXtwM0BaQFhfTzJK2eOcLZPiKEFrTMLs1w4wYzPI47Fe%2BNgQXrreJASzJhXt9yGahmqmtSsbHps9%2FCBunKPdLgGdczbwr0BFFK1Sx58tiAK9JxTq4GkcVWHLNiFKSsmGPsB8dVGBIDHD8LVMbzrhkli4ypV%2FNmcknFEy%2FKssAGg3eobmYIkDvxRWfcLQtKkxgMHZX01WAzRIkTOghCqIIy6s6rh%2FPagsBm4%2FssDFszQGiwhYfrJ7AAY7%2BlfmKYWGiCchjjS3kxbblj0mI0rKv0OpGjWVY3T5ht5ZsmkZSCLNsEAqAdsAEUBPnZ1Mg%2F3Ro8yF2Gz3ZJXQVv4ZNctv%2Bd8v2Oy29cfQoQ0ZSQOX2cGWFsA5VHiamFj5c%2Bq6EK6okNQ%2BCW3FegkzMYZB%2B52X3pqL%2BKoWwINbevBDmZTofxdUxFjXFyG%2BfPYAAe0dkZyFTiPWo9Q5JYCI8BoTtfvLGxL7Mwa9p5rROOqKRlDTDAKpoPKQfoNFBqVNR8h4CTUMO9NrUyEcKn2QsWljerqRQBSwVedf85rr%2FrZsdxQR1e1E7EgaIHb6b4obzPekd9krmEk%2FKygr%2FSjGzRe3R7NfIHgETQ1nnOyUhw%3D%3D&checksum=122339397594182703007992438db3d22cae57f0452e
Details about   Luxury Mens Stainless Steel Gold Tone Skeleton Automatic Mechanical Wrist Watch,$21.99/ea,US,"1,442",https://www.ebay.com/itm/Luxury-Mens-Stainless-Steel-Gold-Tone-Skeleton-Automatic-Mechanical-Wrist-Watch/292563147033?_trkparms=ispr%3D1&hash=item441e1f5919:g:Nx8AAOSwk9pdZO1q&enc=AQAEAAACQBPxNw%2BVj6nta7CKEs3N0qVe5sMjk9uDwr2szatij%2FYrxVjpdMlD%2BG9q8znMSZihvJ4nAe7fxl6QzSa8x78QkNGviwLNHI92O6%2FkmduDt8vZ5K5hMfIjVekfZTATwMVezhhH3lzbtXrW631lEflp146LUmQ8KP35HaSr0ZzksjvkNPhahCkj8Cf7qdFwaSsjOZQFNKFkfhEBWgRec7vixzn9HPMViXKfK5slBdYTb2QcDaDQ4bai4f89uyjcbrgOTxkqLmM9L7uffMPg4GwHKQdE9YBI%2FuvwQgKPDKyOqDSS9IzArwtq1Ddvln8r6ykTEGDM5EW%2BC6CYvx1D856yTCcnI9bPquHzZ5Vz32XwqicVMyjJzPKD0DsvSn4sXocCF1gWkJ1snXTm7Z1a2GDp6IKgTpVqFSowx4DeoJ6NupZd2gn2Hfcio02yJvluGrA9SCkAjnl14EmuvufWawiQO4S6FL%2FDfzn%2Bn24gB9du8huy1y7LmAvF%2BWdVmzN8G4rr7UQbvHLCBdwpD2Ds3gJ8gE6Hj1muGk81v%2BrEMD2jpZO1s4LMDF2Ij8hoN6D2EEszqbLGkoQQdtRBi5bew2DpbjcJ0EOUmZGQYG97mTVlsnAEEwZq0TBuAKAQIZQ9%2BI56GLF%2BOrrbQZyZiDQn2eCuS2O0ShPTt4N9xGt%2Bmp58qW7BnNhdUvSMxL7FDxoaupN9p9US0%2BRPj2g30jmX8QTRjH3ganV%2F3GRdxs1OsNR%2FuxPwW%2F5HyC3PnRUELzsduDhi7Q%3D%3D&checksum=292563147033182703007992438db3d22cae57f0452e&enc=AQAEAAACQBPxNw%2BVj6nta7CKEs3N0qVe5sMjk9uDwr2szatij%2FYrxVjpdMlD%2BG9q8znMSZihvJ4nAe7fxl6QzSa8x78QkNGviwLNHI92O6%2FkmduDt8vZ5K5hMfIjVekfZTATwMVezhhH3lzbtXrW631lEflp146LUmQ8KP35HaSr0ZzksjvkNPhahCkj8Cf7qdFwaSsjOZQFNKFkfhEBWgRec7vixzn9HPMViXKfK5slBdYTb2QcDaDQ4bai4f89uyjcbrgOTxkqLmM9L7uffMPg4GwHKQdE9YBI%2FuvwQgKPDKyOqDSS9IzArwtq1Ddvln8r6ykTEGDM5EW%2BC6CYvx1D856yTCcnI9bPquHzZ5Vz32XwqicVMyjJzPKD0DsvSn4sXocCF1gWkJ1snXTm7Z1a2GDp6IKgTpVqFSowx4DeoJ6NupZd2gn2Hfcio02yJvluGrA9SCkAjnl14EmuvufWawiQO4S6FL%2FDfzn%2Bn24gB9du8huy1y7LmAvF%2BWdVmzN8G4rr7UQbvHLCBdwpD2Ds3gJ8gE6Hj1muGk81v%2BrEMD2jpZO1s4LMDF2Ij8hoN6D2EEszqbLGkoQQdtRBi5bew2DpbjcJ0EOUmZGQYG97mTVlsnAEEwZq0TBuAKAQIZQ9%2BI56GLF%2BOrrbQZyZiDQn2eCuS2O0ShPTt4N9xGt%2Bmp58qW7BnNhdUvSMxL7FDxoaupN9p9US0%2BRPj2g30jmX8QTRjH3ganV%2F3GRdxs1OsNR%2FuxPwW%2F5HyC3PnRUELzsduDhi7Q%3D%3D&checksum=292563147033182703007992438db3d22cae57f0452e
Details about   Skeleton Dial Automatic Mechanical Watch Men's Stainless Steel Band Wrist Watch,$19.99/ea,US,3,https://www.ebay.com/itm/Skeleton-Dial-Automatic-Mechanical-Watch-Mens-Stainless-Steel-Band-Wrist-Watch/273571311731?_trkparms=ispr%3D1&hash=item3fb21ef073:g:oMAAAOSwZW5Z~S7t&enc=AQAEAAACQBPxNw%2BVj6nta7CKEs3N0qXsYaNGrmaPVblUqjCNqmlqKl1UPS2gfp0SuuY%2FSbARDTywT2fWOPKBhHacKNp685rCTnfZmiGlMgAklNcgGnhi8HB0%2FLp9Bqep%2FlnYjMBnTDtmDnPEcgdJBbHfG6VrAeHG3dPOFMOvYAyFsjaJXOmxFR5KOFYJPIRO5M3RBHkoZcVqUpCQxoWS1y1tRdSgFIq06x7%2BJTJj7%2FlqhhfioglWlklMxuNxvssXlSjMphMbLkg%2FylWwJmYgSJlrAZ2labKclYgmo20%2BEjEjQ7IoX%2Bsu75H5dudM7L3fPrm6sNBwNLSPFuQPXs7as2lmIRKAziAGq2r5281%2FCLpQl0d%2BvPHTxTOujtOfSls0pUPEIgTAcM6wcl8F4jh9Ct3mamuDpAkk174UYzh5a7sfspeGI9mCNlge9OQQSaSKZkTnM2wY2ZFzjC1e33%2B75uZwjnmWxWXOFCsXgShF%2FT0OX64ZAT8OPVBI5F1cS3CqB%2BInf0J6YEIr82VKldxn%2BeUX9gXjOAsF54CnJg5PeWI9HNtZvvlDDzEtAw%2FMSjMt5V%2FVU%2BITwrWV964Q3lTHeRTCeeoj7ARdPVSpfSs2DmNWvul269VHFe2UEZK%2FR1Kd%2FF8G2IXUHZunJDWazEYKtB9yKilrKUqyf%2B2IX2lsPE0Bwgfrroo4SDDjJeIy8QLLfwNTltFBYyJEQq1E%2Fdpp12aEe4iG3xhB6hp6JPUrjltqckhoyDazh6C6tKg6EdM04IZKBGZLPg%3D%3D&checksum=273571311731182703007992438db3d22cae57f0452e&enc=AQAEAAACQBPxNw%2BVj6nta7CKEs3N0qXsYaNGrmaPVblUqjCNqmlqKl1UPS2gfp0SuuY%2FSbARDTywT2fWOPKBhHacKNp685rCTnfZmiGlMgAklNcgGnhi8HB0%2FLp9Bqep%2FlnYjMBnTDtmDnPEcgdJBbHfG6VrAeHG3dPOFMOvYAyFsjaJXOmxFR5KOFYJPIRO5M3RBHkoZcVqUpCQxoWS1y1tRdSgFIq06x7%2BJTJj7%2FlqhhfioglWlklMxuNxvssXlSjMphMbLkg%2FylWwJmYgSJlrAZ2labKclYgmo20%2BEjEjQ7IoX%2Bsu75H5dudM7L3fPrm6sNBwNLSPFuQPXs7as2lmIRKAziAGq2r5281%2FCLpQl0d%2BvPHTxTOujtOfSls0pUPEIgTAcM6wcl8F4jh9Ct3mamuDpAkk174UYzh5a7sfspeGI9mCNlge9OQQSaSKZkTnM2wY2ZFzjC1e33%2B75uZwjnmWxWXOFCsXgShF%2FT0OX64ZAT8OPVBI5F1cS3CqB%2BInf0J6YEIr82VKldxn%2BeUX9gXjOAsF54CnJg5PeWI9HNtZvvlDDzEtAw%2FMSjMt5V%2FVU%2BITwrWV964Q3lTHeRTCeeoj7ARdPVSpfSs2DmNWvul269VHFe2UEZK%2FR1Kd%2FF8G2IXUHZunJDWazEYKtB9yKilrKUqyf%2B2IX2lsPE0Bwgfrroo4SDDjJeIy8QLLfwNTltFBYyJEQq1E%2Fdpp12aEe4iG3xhB6hp6JPUrjltqckhoyDazh6C6tKg6EdM04IZKBGZLPg%3D%3D&checksum=273571311731182703007992438db3d22cae57f0452e
Details about   Men Military Army Green Analog Digital Quartz Nylon Canvas Wrist Watch Sport US,,,"5,233",https://www.ebay.com/itm/Men-Military-Army-Green-Analog-Digital-Quartz-Nylon-Canvas-Wrist-Watch-Sport-US/142464510312?_trkparms=ispr%3D1&hash=item212b8be968:g:8YMAAOSwXrdZ7qr8:sc:USPSFirstClass!40291!US!-1&enc=AQAEAAACQBPxNw%2BVj6nta7CKEs3N0qW25gt0Xf8NPNCRNg2h4AtLnkEZMweAzmlwkAJgwUOQ26TgLPu3bWtQriPKQTprVQhtP6imlhlsTcS05vFmZkmySnsu03qSv82yAoRRSV%2B01quB6B3xIf0Hrg8EkbrIMdbK9VpaExeXny8nscIqqaPTNnuvau3SCbG1LCH%2FsEfOtSq%2B4fDGzekCDM8XVCIJJGJHoZqFcIC%2F%2FNfCEVXxVsiDZSX2hw5Nn1JEXriFK16ql7MhMoOfi%2Fd7GvCLQi8T0x5lU7fuMf18aPtD%2BgX84QcNrVzQN65AsO1Emh%2BUgjWSk3vIDqGUvP1ZV0MmFOAHQSAoNQ7a4fA1G3o2ARG2jI3sW%2F3iYUoxxUz8PKN5gOmoo4OQByhvHQyXrN8dxd5tXbksW1bI3%2FcZuiqaAvAqJh05iCokB%2FHwLJ2chAezisxr%2B8ABD0bYquyuewFMBjC4JvSz6fQ0P1gqCdMN9kSnG8pMzJdCZTq1V2F2xobqFhHigY9rfef2aaZg68YhLDq%2FvXTleVU%2BimSODF3%2FqxuZTtX1v7cAO4plh056X%2FbumtHPcuVOL6%2BIC7Wdqd0yBfxNmofc%2BmT05Ytiz5uCtAoIeMwI%2FxbzW8LDg21xXq4Tm1TrOwihigIrrCi2Tm0pHcsLQ%2BY2OK9PBnv20tUvP8B3eAr6GqbgfXwDldu8rO7MqdBksZ6V9w%2Bel%2BDFy%2FlkmyJWf2giW3PT3KwQ3zvO2c1K2DDdI8WHf0uGkqZ%2F3CpKWUYDIA%3D%3D&checksum=142464510312182703007992438db3d22cae57f0452e&enc=AQAEAAACQBPxNw%2BVj6nta7CKEs3N0qW25gt0Xf8NPNCRNg2h4AtLnkEZMweAzmlwkAJgwUOQ26TgLPu3bWtQriPKQTprVQhtP6imlhlsTcS05vFmZkmySnsu03qSv82yAoRRSV%2B01quB6B3xIf0Hrg8EkbrIMdbK9VpaExeXny8nscIqqaPTNnuvau3SCbG1LCH%2FsEfOtSq%2B4fDGzekCDM8XVCIJJGJHoZqFcIC%2F%2FNfCEVXxVsiDZSX2hw5Nn1JEXriFK16ql7MhMoOfi%2Fd7GvCLQi8T0x5lU7fuMf18aPtD%2BgX84QcNrVzQN65AsO1Emh%2BUgjWSk3vIDqGUvP1ZV0MmFOAHQSAoNQ7a4fA1G3o2ARG2jI3sW%2F3iYUoxxUz8PKN5gOmoo4OQByhvHQyXrN8dxd5tXbksW1bI3%2FcZuiqaAvAqJh05iCokB%2FHwLJ2chAezisxr%2B8ABD0bYquyuewFMBjC4JvSz6fQ0P1gqCdMN9kSnG8pMzJdCZTq1V2F2xobqFhHigY9rfef2aaZg68YhLDq%2FvXTleVU%2BimSODF3%2FqxuZTtX1v7cAO4plh056X%2FbumtHPcuVOL6%2BIC7Wdqd0yBfxNmofc%2BmT05Ytiz5uCtAoIeMwI%2FxbzW8LDg21xXq4Tm1TrOwihigIrrCi2Tm0pHcsLQ%2BY2OK9PBnv20tUvP8B3eAr6GqbgfXwDldu8rO7MqdBksZ6V9w%2Bel%2BDFy%2FlkmyJWf2giW3PT3KwQ3zvO2c1K2DDdI8WHf0uGkqZ%2F3CpKWUYDIA%3D%3D&checksum=142464510312182703007992438db3d22cae57f0452e
Details about   NEW Invicta Mens 18K Gold Plated Stainless Steel Golden Dial Chronograph Watch!!,$65.99,US,,https://www.ebay.com/itm/NEW-Invicta-Mens-18K-Gold-Plated-Stainless-Steel-Golden-Dial-Chronograph-Watch/362496791820?hash=item54667e150c:g:UP4AAOSwl39bY9b7:sc:USPSPriority!40291!US!-1
Details about   Fashion Men Steel Quartz Watch Black White Brown Leather Band Analog Wristwatch,$6.51/ea,US,,https://www.ebay.com/itm/Fashion-Men-Steel-Quartz-Watch-Black-White-Brown-Leather-Band-Analog-Wristwatch/133114420164?hash=item1efe3cdbc4:m:mQbn8WB13Lnl8oIjE0fHcYw
Details about   NEW Invicta Mens 18K Gold Plated Stainless Steel Swiss Chronograph Capsule Watch,$129.99,US,,https://www.ebay.com/itm/NEW-Invicta-Mens-18K-Gold-Plated-Stainless-Steel-Swiss-Chronograph-Capsule-Watch/143396618170?epid=17034686576&hash=item21631abfba:g:QgYAAOSwaF5djubw:sc:USPSPriority!40291!US!-1
Details about   SMAEL Mens Sports Watches Waterproof Military Army Camo Green Dual Display Watch,,,,https://www.ebay.com/itm/SMAEL-Mens-Sports-Watches-Waterproof-Military-Army-Camo-Green-Dual-Display-Watch/202812695583?hash=item2f3894241f:g:ZmoAAOSwep1dlNCp
Details about   Bulova Precisionist Men's Quartz Chronograph Silver-Tone Bracelet Watch 96B175,$229.99,US,570,https://www.ebay.com/itm/Bulova-Precisionist-Mens-Quartz-Chronograph-Silver-Tone-Bracelet-Watch-96B175/302947155184?epid=219528690&hash=item46890ebcf0:g:sDIAAOSweX5b2dKT:sc:FedExHomeDelivery!40291!US!-1
Details about   Invicta Mens 52mm Pro Diver Scuba Chrono COMBAT Black IRIDESCENT Abalone Watch,$129.99,US,,https://www.ebay.com/itm/Invicta-Mens-52mm-Pro-Diver-Scuba-Chrono-COMBAT-Black-IRIDESCENT-Abalone-Watch/303219053655?epid=7033929602&hash=item4699439457:g:~pMAAOSwqktdJXK6
Details about   Mens Invicta 48mm Pro Diver Scuba Military Combat BLACK Chrono Swiss Part Watch ,,,,https://www.ebay.com/itm/Mens-Invicta-48mm-Pro-Diver-Scuba-Military-Combat-BLACK-Chrono-Swiss-Part-Watch/113946022040?epid=23002537927&hash=item1a87b65098:g:aqgAAOSwjhhc36JP
Details about   NEW Invicta Mens S1 Yakuza Dragon NH35A Automatic Black IP Stainless St. Watch,$89.99,US,,https://www.ebay.com/itm/NEW-Invicta-Mens-S1-Yakuza-Dragon-NH35A-Automatic-Black-IP-Stainless-St-Watch/362768130798?hash=item5476aa62ee:g:Nr8AAOSwPzRdjt63:sc:USPSPriority!40291!US!-1
Details about   Citizen Men's Quartz Chronograph Black Multi Dial Bracelet 42mm Watch AN3645-51E,$69.99,US,51,https://www.ebay.com/itm/Citizen-Mens-Quartz-Chronograph-Black-Multi-Dial-Bracelet-42mm-Watch-AN3645-51E/264476837882?epid=28030730245&hash=item3d940c47fa:g:pegAAOSwDKBdipxt:sc:FedExHomeDelivery!40291!US!-1
Details about   Classic Mens Womens Luxury Leather Band Gold Tone Dial Analog Quartz Wrist Watch,$6.59/ea,US,"2,762",https://www.ebay.com/itm/Classic-Mens-Womens-Luxury-Leather-Band-Gold-Tone-Dial-Analog-Quartz-Wrist-Watch/171874423818?_trkparms=ispr%3D1&hash=item280483940a:m:m2ESyYK96-SB-wnlXXMWrzQ:sc:USPSFirstClass!40291!US!-1&enc=AQAEAAACQBPxNw%2BVj6nta7CKEs3N0qXbuYzbUlzlUPJYvvA%2BDY%2FGGDrmkEFBhJZe2BnBlL9EkK2ffddH6H7PsR4fIrUWqa5R7ZxaFZrUQHFw%2BiXNYbwUfUrjTcdeTXe7r1jCm%2F28J%2Bn9evN2%2BCx0iWlN%2FNV%2FhYqDEtRI2J05h36%2BXZXdc2z2WAyocTUv5PWDFME8Sx9NpLRkjO0mqPl7GEboqAZ18raVpNcIqxKYncx3K08HqL35oUORtInrzS8JPdJYZ6KUEcYdTsNpxTvyMBkShwT%2BhMdK9hkn3Urj%2BnXbC1tObraK0F4%2BmmHuNmsBOI2cyEkyqYvcuat06FdKNpwnH%2BP9aLGj0N5Pa5jCOtmX1tdU5ylqDztow8q1sETebi1NadMzlsW5bpF8ylvloa5v0hbY8FpzOqLq27l4SpcjcqosVf8pbe5PvsDVcWWKiVdunUuDsSZ6FeYWd%2FyBt3Mn698bygd0w%2BUUEr8goxFyGFMub2qCKN6ILOJ20IdNLRswFW4XdZDeVK4bvooMd5Y%2B9KPTGekLM3WfagM1v1nG%2FEGMJAYC0IP2pbRSrZATw08uMbeR5Q%2FVE3CbSCOP9hPwpKBg7kfS0astAuxNOura%2BX%2BXn4tSSegs0685moRj07gIOrBzRWNSnm19PNV6NBmg0x3rzieMyXNsOaKf8nFfJRAPSae5EnvBSaBTBZXIdYqW1l8n8JiBfL2Asgn1CUfm8QiOi3M1qXutjeU53tKKfUELvI%2Bweu6LuCaqCX3y%2BwCP1z%2FIDQ%3D%3D&checksum=171874423818182703007992438db3d22cae57f0452e&enc=AQAEAAACQBPxNw%2BVj6nta7CKEs3N0qXbuYzbUlzlUPJYvvA%2BDY%2FGGDrmkEFBhJZe2BnBlL9EkK2ffddH6H7PsR4fIrUWqa5R7ZxaFZrUQHFw%2BiXNYbwUfUrjTcdeTXe7r1jCm%2F28J%2Bn9evN2%2BCx0iWlN%2FNV%2FhYqDEtRI2J05h36%2BXZXdc2z2WAyocTUv5PWDFME8Sx9NpLRkjO0mqPl7GEboqAZ18raVpNcIqxKYncx3K08HqL35oUORtInrzS8JPdJYZ6KUEcYdTsNpxTvyMBkShwT%2BhMdK9hkn3Urj%2BnXbC1tObraK0F4%2BmmHuNmsBOI2cyEkyqYvcuat06FdKNpwnH%2BP9aLGj0N5Pa5jCOtmX1tdU5ylqDztow8q1sETebi1NadMzlsW5bpF8ylvloa5v0hbY8FpzOqLq27l4SpcjcqosVf8pbe5PvsDVcWWKiVdunUuDsSZ6FeYWd%2FyBt3Mn698bygd0w%2BUUEr8goxFyGFMub2qCKN6ILOJ20IdNLRswFW4XdZDeVK4bvooMd5Y%2B9KPTGekLM3WfagM1v1nG%2FEGMJAYC0IP2pbRSrZATw08uMbeR5Q%2FVE3CbSCOP9hPwpKBg7kfS0astAuxNOura%2BX%2BXn4tSSegs0685moRj07gIOrBzRWNSnm19PNV6NBmg0x3rzieMyXNsOaKf8nFfJRAPSae5EnvBSaBTBZXIdYqW1l8n8JiBfL2Asgn1CUfm8QiOi3M1qXutjeU53tKKfUELvI%2Bweu6LuCaqCX3y%2BwCP1z%2FIDQ%3D%3D&checksum=171874423818182703007992438db3d22cae57f0452e
Details about   Luxury Men's Analog Date Slim Mesh Stainless Steel Dress Wrist Watch Waterproof,,,,https://www.ebay.com/itm/Luxury-Mens-Analog-Date-Slim-Mesh-Stainless-Steel-Dress-Wrist-Watch-Waterproof/283330220621?_trkparms=ispr%3D1&hash=item41f7cc124d:m:myd2VZnj1dPP1DU13XU0ygw:sc:USPSFirstClass!40291!US!-1&enc=AQAEAAACQBPxNw%2BVj6nta7CKEs3N0qXQueiQ5hhUSUC2%2FGqdtFNLz2FnMm5GfaGyVmnzUYxbT9b6fjjv7TDk1r%2FTZrtNFfiKP6c1NKlHSSyM6ElNDTNykOKBHwROROWNSG%2Fz0R5RJQdQP8DVFgJaQ27Li%2ByOHkWvxzx4YNYESN8GO22dOrew%2FFtHls78XnOuqntvYcShwfdwVnIXTedTT3EUlAIz8kECNS%2FbGsTZ7sCDmvsv0eywP8meIEwT1SefhxAIAdsSHIW8UMiZigWPZWa4Js9AGwu4cQS9Lti22j0RgTKa%2BsvGvTnlYbaV1krN9gb2ZJ%2FY6OhRonP7VBn4xTo8UckrMS4PvC1Mp%2BOW0QXh1mOKj7T3lLIJ6025fPNj%2BKgpa1KlIQ9TS%2FNsj44f5hhk3R8DlqISqE8KprpdLF9K45a1MFBMNpH91C2yg26VSDRaxYjEe7dji9L6b9OdSLzzOO91bPiAO865xA%2FyfqN0QgHe5KDc%2BiWcVsE3v5MFzujkFZDxU5r6B0mQDTmGzTXHWLRdnQ5GeiC6Mv0HwhesC6XYP6ng1KA139eJa51zUEHcxMnpM31x44k6JpnrGLclWKx5CfLm8xY1srf7XL0%2BsFX%2B8uae5rkwdaqlCOxlIqVrYstENldI%2FSPnPJU1QP%2B5QCpNwJMaizSKFNV0uCjCuTGzqQXw5o0Y0PlCVg5nrNnChFdM5x6d4HWfp%2FcJhHECGJRWZnmSQmC6ZCJvJ%2BO5MvTS7I0qH3333dbIPjqAOBzFZ%2B%2BnWw%3D%3D&checksum=283330220621182703007992438db3d22cae57f0452e&enc=AQAEAAACQBPxNw%2BVj6nta7CKEs3N0qXQueiQ5hhUSUC2%2FGqdtFNLz2FnMm5GfaGyVmnzUYxbT9b6fjjv7TDk1r%2FTZrtNFfiKP6c1NKlHSSyM6ElNDTNykOKBHwROROWNSG%2Fz0R5RJQdQP8DVFgJaQ27Li%2ByOHkWvxzx4YNYESN8GO22dOrew%2FFtHls78XnOuqntvYcShwfdwVnIXTedTT3EUlAIz8kECNS%2FbGsTZ7sCDmvsv0eywP8meIEwT1SefhxAIAdsSHIW8UMiZigWPZWa4Js9AGwu4cQS9Lti22j0RgTKa%2BsvGvTnlYbaV1krN9gb2ZJ%2FY6OhRonP7VBn4xTo8UckrMS4PvC1Mp%2BOW0QXh1mOKj7T3lLIJ6025fPNj%2BKgpa1KlIQ9TS%2FNsj44f5hhk3R8DlqISqE8KprpdLF9K45a1MFBMNpH91C2yg26VSDRaxYjEe7dji9L6b9OdSLzzOO91bPiAO865xA%2FyfqN0QgHe5KDc%2BiWcVsE3v5MFzujkFZDxU5r6B0mQDTmGzTXHWLRdnQ5GeiC6Mv0HwhesC6XYP6ng1KA139eJa51zUEHcxMnpM31x44k6JpnrGLclWKx5CfLm8xY1srf7XL0%2BsFX%2B8uae5rkwdaqlCOxlIqVrYstENldI%2FSPnPJU1QP%2B5QCpNwJMaizSKFNV0uCjCuTGzqQXw5o0Y0PlCVg5nrNnChFdM5x6d4HWfp%2FcJhHECGJRWZnmSQmC6ZCJvJ%2BO5MvTS7I0qH3333dbIPjqAOBzFZ%2B%2BnWw%3D%3D&checksum=283330220621182703007992438db3d22cae57f0452e
Details about   Invicta Mens VENOM VIPER Swiss Mvt. Z60 Chronograph 18K Gold IP SS 1000M Watch !,,,,https://www.ebay.com/itm/Invicta-Mens-VENOM-VIPER-Swiss-Mvt-Z60-Chronograph-18K-Gold-IP-SS-1000M-Watch/123961613413?epid=4028522533&hash=item1cdcb01c65:g:73gAAOSwelBdgZC-
Details about   Bulova Marine Star Men's Quartz Chronograph Rose Gold Tone 45mm Watch 98B301,$159.99,US,319,https://www.ebay.com/itm/Bulova-Marine-Star-Mens-Quartz-Chronograph-Rose-Gold-Tone-45mm-Watch-98B301/113690863194?epid=4033519011&hash=item1a7880e65a:g:JjcAAOSwKqNchta3:sc:FedExHomeDelivery!40291!US!-1
Details about   Invicta Men's Watch Pro Diver Quartz Black Dial Dive Quartz Bracelet 8932OB,$46.91/ea,US,7,https://www.ebay.com/itm/Invicta-Mens-Watch-Pro-Diver-Quartz-Black-Dial-Dive-Quartz-Bracelet-8932OB/331897627367?epid=222453104&hash=item4d46a3e2e7:g:P-cAAOSwZc1dlKJV
Details about   Invicta Men's 50mm Bolt Swiss Z60 Chronograph Blue Dial 18K Gold Plated SS Watch,$119.89,US,,https://www.ebay.com/itm/Invicta-Mens-50mm-Bolt-Swiss-Z60-Chronograph-Blue-Dial-18K-Gold-Plated-SS-Watch/293261275955?epid=2305807344&hash=item4447bbf333:g:L08AAOSwvbRdltgF
Details about   Citizen Eco-Drive CTO Men's Blue Dial Mesh Bracelet 42mm Watch BM6990-55L,$54.99,US,335,https://www.ebay.com/itm/Citizen-Eco-Drive-CTO-Mens-Blue-Dial-Mesh-Bracelet-42mm-Watch-BM6990-55L/263525993603?epid=2256007946&hash=item3d5b5f8c83:g:g0IAAOSwTlFajJA2
Details about   Fashion Men Military Tactical Digital Analog Sport Date Quartz Shock Wrist Watch,,,379,https://www.ebay.com/itm/Fashion-Men-Military-Tactical-Digital-Analog-Sport-Date-Quartz-Shock-Wrist-Watch/303152849806?hash=item469551638e:m:myHnr58MIcqXMY3BEAgmiIg:sc:USPSFirstClass!40291!US!-1
Details about   Bulova Precisionist Men's Langford Quartz Black Leather Band 42mm Watch 96B158,$89.99,US,71,https://www.ebay.com/itm/Bulova-Precisionist-Mens-Langford-Quartz-Black-Leather-Band-42mm-Watch-96B158/303289398068?epid=1900146445&hash=item469d74f334:g:OcEAAOSwWspbNN9l:sc:FedExHomeDelivery!40291!US!-1
Details about   Mens Elgin Luxury Auto Chronograph Skeleton Stainless Steel Dress Watch FG8030S,$55.95,US,50,https://www.ebay.com/itm/Mens-Elgin-Luxury-Auto-Chronograph-Skeleton-Stainless-Steel-Dress-Watch-FG8030S/273976148428?_trkparms=ispr%3D1&hash=item3fca4041cc:g:~H0AAOSwRQxdXvfm&enc=AQAEAAACQBPxNw%2BVj6nta7CKEs3N0qUzctqTRyOxRmPcRlkKYi9sItpCXDgwyC5tvugVwysGPdbxW0I2oY%2FVVGZ20h%2BN1ecedUCXxeOZZsO0qJcHGXHw6dnKsUVLUMSFI%2BoVqK8uMGMaKnkOYJ3Q4XG9CjsxBO2aiUB8RemHq4T7aAl43GXl9p6QL9NLtxIVwPZJZ%2FlAqTZxPZkGXOgdsjOF447X3rnx4ZudrTPAVBYEKHAMat8E9xBdO33XMvw8AR4GSq%2FjATwa4Rt8x585hra6olunjYUSX2O6G4Yw0GaE7XO0dPbbLrla0sETiu5Sk%2BYx4NFBqBRLfNn0CCv9xs0T6PM2HhX2lvUiQTM2PbmzLwEiiLGoyia8s5WFNzFHs0cJXO2uhRaX17B%2BXpuoLEuO1f9qScMcGm%2BoSldDWifmfxDFvTWl6W4h37QOC8nAShc%2Bub0CRGFlUwNb4V3qQG2pBTUN5UVIY1AM7hS4j%2FbuStr5LEeY7ClIGG4LtLZE4AicW9IThlq1rbr1q%2BVYIYb2v5arxcBTqGnoxByzwd2RWgkBgzElBBziwOTu3fUxNUhFVC6bxaJ8JhNg%2FRtpb4tFJY3SnKbeoNc%2BTiozS%2BaUDAfl%2F0iXhcoyJ0PnOB%2BEi1j8NN7WB%2BUcPqcvE%2FBMDyJliJHkeB8c9wVK9l48FGWA%2FPXIarSoeEIvVXe4SgQfSkoKHxuahhVmA9JGWoTKV9YSBa1oDM8XKjSsaXrnFDNL%2BOglEaw%2BrcdPJ6e1P1dBUFGblCvAvw%3D%3D&checksum=273976148428182703007992438db3d22cae57f0452e&enc=AQAEAAACQBPxNw%2BVj6nta7CKEs3N0qUzctqTRyOxRmPcRlkKYi9sItpCXDgwyC5tvugVwysGPdbxW0I2oY%2FVVGZ20h%2BN1ecedUCXxeOZZsO0qJcHGXHw6dnKsUVLUMSFI%2BoVqK8uMGMaKnkOYJ3Q4XG9CjsxBO2aiUB8RemHq4T7aAl43GXl9p6QL9NLtxIVwPZJZ%2FlAqTZxPZkGXOgdsjOF447X3rnx4ZudrTPAVBYEKHAMat8E9xBdO33XMvw8AR4GSq%2FjATwa4Rt8x585hra6olunjYUSX2O6G4Yw0GaE7XO0dPbbLrla0sETiu5Sk%2BYx4NFBqBRLfNn0CCv9xs0T6PM2HhX2lvUiQTM2PbmzLwEiiLGoyia8s5WFNzFHs0cJXO2uhRaX17B%2BXpuoLEuO1f9qScMcGm%2BoSldDWifmfxDFvTWl6W4h37QOC8nAShc%2Bub0CRGFlUwNb4V3qQG2pBTUN5UVIY1AM7hS4j%2FbuStr5LEeY7ClIGG4LtLZE4AicW9IThlq1rbr1q%2BVYIYb2v5arxcBTqGnoxByzwd2RWgkBgzElBBziwOTu3fUxNUhFVC6bxaJ8JhNg%2FRtpb4tFJY3SnKbeoNc%2BTiozS%2BaUDAfl%2F0iXhcoyJ0PnOB%2BEi1j8NN7WB%2BUcPqcvE%2FBMDyJliJHkeB8c9wVK9l48FGWA%2FPXIarSoeEIvVXe4SgQfSkoKHxuahhVmA9JGWoTKV9YSBa1oDM8XKjSsaXrnFDNL%2BOglEaw%2BrcdPJ6e1P1dBUFGblCvAvw%3D%3D&checksum=273976148428182703007992438db3d22cae57f0452e
Details about   Citizen Eco-Drive Men's Proximity Bluetooth Silver-Tone 46mm Watch BZ1000-54E,$109.99,US,818,https://www.ebay.com/itm/Citizen-Eco-Drive-Mens-Proximity-Bluetooth-Silver-Tone-46mm-Watch-BZ1000-54E/263705104676?epid=8028680244&_trkparms=ispr%3D1&hash=item3d660c9124:g:3OEAAOSwzrNa7K5V:sc:FedExHomeDelivery!40291!US!-1&enc=AQAEAAACQBPxNw%2BVj6nta7CKEs3N0qUFlHmvpdzPxRqSu7GELXStgRGv7Ft%2Fr%2BQld%2BXk1X4D8pvglOLixEbwhVnUG7ojCIILSL9J0eMfm4rznVDly52aURMVs8QysYi%2FPs5UkQZHRPvzqF%2Fc92gWUz7gOZV%2F39byw%2FEAKTS5zPioBRhJbhxOzDrzSV4DEXcgaEyPmtbxW0lLb0OsgtELO1vSSoz62mxs7GSV4npCJoZE3%2FmJ5Ht7M%2FesbjuRDPcVAtC442hJSKT1bGLB%2B2FIgcu4Z6QD0JQRJJjRIK9JWKclOqys2iFGuniz5dwuDVLztVMUpJb3jSYdjjvaq6mkoXweKOxYNOetEUSxbGYSiO7kf%2F239wlhF0tUwxqVHM1t3LKcS%2B4EGuwQUrydAH1Pvj3rYj3nsu4sej8%2F%2BMTawkcJwn9KfHBZrxLt7HD9ZXzM8G8ZgEIN7Emvd%2FJ1BJ42%2BkgxxWWtksmuwnHLrs8cjd%2FtNFq6aVhxNF9zFejxs1jmY1u7uGZUsAFqy5RAOGPFKyOU2I5YFJyD%2BnMedCSoPjIB4b0ml7Kc%2BHiTF%2F9jRjo1%2BdgOZ6EqeppvQgzCgrgRHajZWVl08EYHJWzjppWcccNDFacQ6aKQGRQFydZ1nggdHK0IDujhoWF54GN15y%2BXBtWaiRO%2F1Jk9eoUZuqpQP63ISl0CynbNuyKAUsp6UcQ1DqddyBEkGQBm5%2Ba2nSDLdEjpByI92jPtSFfmQG6aufbt8gw%2BNKWlWTPjP%2FTibSp5THP99COGBw%3D%3D&checksum=263705104676182703007992438db3d22cae57f0452e&enc=AQAEAAACQBPxNw%2BVj6nta7CKEs3N0qUFlHmvpdzPxRqSu7GELXStgRGv7Ft%2Fr%2BQld%2BXk1X4D8pvglOLixEbwhVnUG7ojCIILSL9J0eMfm4rznVDly52aURMVs8QysYi%2FPs5UkQZHRPvzqF%2Fc92gWUz7gOZV%2F39byw%2FEAKTS5zPioBRhJbhxOzDrzSV4DEXcgaEyPmtbxW0lLb0OsgtELO1vSSoz62mxs7GSV4npCJoZE3%2FmJ5Ht7M%2FesbjuRDPcVAtC442hJSKT1bGLB%2B2FIgcu4Z6QD0JQRJJjRIK9JWKclOqys2iFGuniz5dwuDVLztVMUpJb3jSYdjjvaq6mkoXweKOxYNOetEUSxbGYSiO7kf%2F239wlhF0tUwxqVHM1t3LKcS%2B4EGuwQUrydAH1Pvj3rYj3nsu4sej8%2F%2BMTawkcJwn9KfHBZrxLt7HD9ZXzM8G8ZgEIN7Emvd%2FJ1BJ42%2BkgxxWWtksmuwnHLrs8cjd%2FtNFq6aVhxNF9zFejxs1jmY1u7uGZUsAFqy5RAOGPFKyOU2I5YFJyD%2BnMedCSoPjIB4b0ml7Kc%2BHiTF%2F9jRjo1%2BdgOZ6EqeppvQgzCgrgRHajZWVl08EYHJWzjppWcccNDFacQ6aKQGRQFydZ1nggdHK0IDujhoWF54GN15y%2BXBtWaiRO%2F1Jk9eoUZuqpQP63ISl0CynbNuyKAUsp6UcQ1DqddyBEkGQBm5%2Ba2nSDLdEjpByI92jPtSFfmQG6aufbt8gw%2BNKWlWTPjP%2FTibSp5THP99COGBw%3D%3D&checksum=263705104676182703007992438db3d22cae57f0452e
Details about   Casio Men's Watch G-Shock Grey & Black Ana-Digi Dial Black Strap GA100C-8A,$61.62,US,"1,578",https://www.ebay.com/itm/Casio-Mens-Watch-G-Shock-Grey-Black-Ana-Digi-Dial-Black-Strap-GA100C-8A/231948085978?epid=233490929&hash=item36012eeada:g:HT4AAOSwyJNdI1Ik
Details about   CURREN Casual Sport Watches for Men Blue Top Brand Luxury Military Leather Wrist,$25.99,US,73,https://www.ebay.com/itm/CURREN-Casual-Sport-Watches-for-Men-Blue-Top-Brand-Luxury-Military-Leather-Wrist/223607264775?hash=item3410081607:m:mk3aoTP6iePvx9MPz6EQNdQ
Details about   NEW Citizen Military Men's Eco-Drive Watch - BM8180-03E,$75.27,US,6,https://www.ebay.com/itm/NEW-Citizen-Military-Mens-Eco-Drive-Watch-BM8180-03E/392401755910?epid=70317213&hash=item5b5cf79f06:g:ofAAAOSw1MRdZZgJ
Details about   Fashion Curren Mens Date Stainless Steel Leather Analog Quartz Sport Wrist Watch,$12.99,US,"5,270",https://www.ebay.com/itm/Fashion-Curren-Mens-Date-Stainless-Steel-Leather-Analog-Quartz-Sport-Wrist-Watch/351813524806?hash=item51e9b85d46:m:mnAjAHMLQ3JeMp3QZXma-Ww
Details about   Bulova Sport Men's Quartz Chronograph Black Dial Blue Band 43mm Watch 98A190,$89.99,US,312,https://www.ebay.com/itm/Bulova-Sport-Mens-Quartz-Chronograph-Black-Dial-Blue-Band-43mm-Watch-98A190/263981105844?epid=4034356896&hash=item3d768002b4:g:6DMAAOSw2jNbu87l:sc:FedExHomeDelivery!40291!US!-1
Details about   Invicta Men's Watch Aviator Chronograph Gunmetal Dial Steel Bracelet 17204,$77.46,US,8,https://www.ebay.com/itm/Invicta-Mens-Watch-Aviator-Chronograph-Gunmetal-Dial-Steel-Bracelet-17204/351786977584?epid=219424571&hash=item51e8234930:g:dC8AAOSwnopdLEou
Details about   Casio G-Shock Classic Series Analog-Digital Black Dial Men's Watch GA100-1A1CR,$56.62,US,"1,210",https://www.ebay.com/itm/Casio-G-Shock-Classic-Series-Analog-Digital-Black-Dial-Mens-Watch-GA100-1A1CR/153242714823?epid=141097660&hash=item23adfa42c7:g:AOoAAOSwcDdcCtUW
Details about   Men's Invicta Pro Diver 18k GOLD Plated SS Chronograph Champagne Dial $695 Watch,$65.97,US,"1,431",https://www.ebay.com/itm/Mens-Invicta-Pro-Diver-18k-GOLD-Plated-SS-Chronograph-Champagne-Dial-695-Watch/142512798022?hash=item212e6cb946:g:9TkAAOSwRrlb5HY~:sc:USPSPriorityMailPaddedFlatRateEnvelope!40291!US!-1
Details about   Invicta Men 54mm Speedway Viper Gen III Chronograph Black Dial Silver Tone Watch,$79.99,US,,https://www.ebay.com/itm/Invicta-Men-54mm-Speedway-Viper-Gen-III-Chronograph-Black-Dial-Silver-Tone-Watch/303286330266?epid=12026985359&hash=item469d46239a:g:O7cAAOSwdUxdfrXt
Details about   Citizen Eco-Drive Men's Tuape Dial Brown Leather Band 42mm Watch AW7039-01H,$65.99,US,194,https://www.ebay.com/itm/Citizen-Eco-Drive-Mens-Tuape-Dial-Brown-Leather-Band-42mm-Watch-AW7039-01H/263705285697?epid=6034766791&hash=item3d660f5441:g:SdEAAOSwl0VbBHwL
Details about   Bulova Diamonds Men's 98D129 Quartz Black Dial Two-Tone Bracelet 44mm Watch,$119.99,US,92,https://www.ebay.com/itm/Bulova-Diamonds-Mens-98D129-Quartz-Black-Dial-Two-Tone-Bracelet-44mm-Watch/293108189592?hash=item443e9c0998:g:63IAAOSw9KhZ5iM6:sc:FedExHomeDelivery!40291!US!-1
Details about   Invicta Men 52mm Grand Pro Diver Ocean Voyage Chronograph Ocean Blue Dial Watch,$87.77,US,,https://www.ebay.com/itm/Invicta-Men-52mm-Grand-Pro-Diver-Ocean-Voyage-Chronograph-Ocean-Blue-Dial-Watch/143387198255?epid=18034595703&hash=item21628b032f:g:SEMAAOSwm-FdgtlE:sc:USPSPriority!40291!US!-1
Details about   New *WITHOUT* BOX SEIKO SARB017 MECHANICAL Alpinist Automatic Winding Mens Watch,$339.00,US,8,https://www.ebay.com/itm/New-WITHOUT-BOX-SEIKO-SARB017-MECHANICAL-Alpinist-Automatic-Winding-Mens-Watch/392486506995?epid=144186295&hash=item5b6204d1f3:g:KwkAAOSw6FhdqWz4
Details about   Men's August Steiner AS8213SSBU Three Hand Quartz Movement Leather Strap Watch,$34.25,US,37,https://www.ebay.com/itm/Mens-August-Steiner-AS8213SSBU-Three-Hand-Quartz-Movement-Leather-Strap-Watch/113773162699?epid=1093740685&_trkparms=ispr%3D1&hash=item1a7d68b0cb:g:~3sAAOSw5h1c8Bba&enc=AQAEAAACQBPxNw%2BVj6nta7CKEs3N0qWpynslVQqSmQBj1NxSCF1wIBYnsvBgMwhUgSX4WaXBYR%2F14QeR%2FjgSbayxIhjzuYZ5yb9WecEXPtCqxT0ungybtWbxQQy0UDPym8vMGOQdbuZqzhZbCCx9gMdWV1lLwP6GS0FgMCqqXpbDHEid7O0UeBfVqpmbytn0qTc2Gl6KjtmR9sc9gKqRMXuqIHTi8f9fYzBTop5Goq0wRpNwAFmOXBYHHgDiOL0k9K6qEM8440L8PhlBWSrDy49L%2B9uO39ZNHWnVZSNzor1HHD7JlEs6KmXDkdswCDhmI3E3gsRR5BR%2BQ203YsVtuzS%2B42wgzsrbeZrhCpwDHqAQ4J6N6NmJV4fbYTT%2BYze4QiHtYHhdMUKNvpoc9TnwwRWxS2nEDOJA0X6o34SvRLWFAGc2x6hsh0QHY%2FeAmyx%2BPpRYa%2BMPGQ2on2lqLzeglxI35AynIKlC9gowTnWrgkUdNbR9vt%2Fe0z9uKIDrDJGmB2zZCQstph5QFuBEL4ohGeW2V0wG1n5y%2F0iG0UvsbHYfgZWh2rD9KV7tcOA4rQunv6Yhh6uNucHakxpdK9Sw1ZRVporKWi2bJFyMGzhfD98rUX%2BXz%2F1OrIhy16JIyMo386yYObrNoj7mzNqlV2pLhAsRpaNWMN9Zt%2FIZwvH22rnBNVPujWp2TAZ%2BTIZ%2F1rQZR1nl7dAv3UcC9cNQX21ni5TmbSMXY2pX9%2BoDDTtCoHhQwiKJevbAiXBmFlY44wsOWVExoslsMw%3D%3D&checksum=113773162699182703007992438db3d22cae57f0452e&enc=AQAEAAACQBPxNw%2BVj6nta7CKEs3N0qWpynslVQqSmQBj1NxSCF1wIBYnsvBgMwhUgSX4WaXBYR%2F14QeR%2FjgSbayxIhjzuYZ5yb9WecEXPtCqxT0ungybtWbxQQy0UDPym8vMGOQdbuZqzhZbCCx9gMdWV1lLwP6GS0FgMCqqXpbDHEid7O0UeBfVqpmbytn0qTc2Gl6KjtmR9sc9gKqRMXuqIHTi8f9fYzBTop5Goq0wRpNwAFmOXBYHHgDiOL0k9K6qEM8440L8PhlBWSrDy49L%2B9uO39ZNHWnVZSNzor1HHD7JlEs6KmXDkdswCDhmI3E3gsRR5BR%2BQ203YsVtuzS%2B42wgzsrbeZrhCpwDHqAQ4J6N6NmJV4fbYTT%2BYze4QiHtYHhdMUKNvpoc9TnwwRWxS2nEDOJA0X6o34SvRLWFAGc2x6hsh0QHY%2FeAmyx%2BPpRYa%2BMPGQ2on2lqLzeglxI35AynIKlC9gowTnWrgkUdNbR9vt%2Fe0z9uKIDrDJGmB2zZCQstph5QFuBEL4ohGeW2V0wG1n5y%2F0iG0UvsbHYfgZWh2rD9KV7tcOA4rQunv6Yhh6uNucHakxpdK9Sw1ZRVporKWi2bJFyMGzhfD98rUX%2BXz%2F1OrIhy16JIyMo386yYObrNoj7mzNqlV2pLhAsRpaNWMN9Zt%2FIZwvH22rnBNVPujWp2TAZ%2BTIZ%2F1rQZR1nl7dAv3UcC9cNQX21ni5TmbSMXY2pX9%2BoDDTtCoHhQwiKJevbAiXBmFlY44wsOWVExoslsMw%3D%3D&checksum=113773162699182703007992438db3d22cae57f0452e
Details about   CASIO Men Wrist Watch LED  Retro Digital  Unisex Classic New MULTICOLORE,$8.00,US,211,https://www.ebay.com/itm/CASIO-Men-Wrist-Watch-LED-Retro-Digital-Unisex-Classic-New-MULTICOLORE/383203553465?_trkparms=ispr%3D1&hash=item5938b630b9:m:m9JO-CIDQJBzXStPgpEFA9g&enc=AQAEAAACQBPxNw%2BVj6nta7CKEs3N0qWRhLY8qSR0FjRt8cqqoTp6U8uprNTb7SwoAPmDm8aUsfJlc1snbQLUoarqF2tWoEUcl%2B3FnR5lbQZzD81z3xzeobtlS7NR10QoKRG%2FlDCbRlDKQ09zn1GxPqlntAi%2BSoEWRCRB5%2BlzpiS149FRQUTtcE0BzVZFK25w5dgQSb1QQ0TD0HUbGb4%2B83Yyfqjj4GCDmqDgdj6hQMGZAD%2FqyVjiIkJ45x6wI4VcHywL27evXquhDdfwfXxfsqEznWcxwbfGnfjl19CxaQwkC125csrsc3y8JAUqM9sRDLeM8H5zhomncSpJhVYmVGY%2BlHZrCcgmF84nPnTgWXLUMIkz9CYdfVAwl4UdlDWmara%2FGWTXVi2Mdryd0Mhu4kzAnHtjeY39kABdxDyKzCZRIkAQYI7fDM2Nw5bVvSrd7fhU7ocfCs2Cqo8I%2Fa23oFoB%2BeWjLmS8H3tvAbdqY44VRgxoFFtL%2BK8TYo%2F0TfcCsbYDZ1bSovxajysIpcsCditId6jbSxRmv%2BfTDKM7ykqmLi47JHspUvG1UxVYLjvGVBzwzdCQ0RZbLYZqjREdYv%2Fpmm8EhIFNhTXILDNgjteuMKeMgtGPYemTypn2WwkNbC01bD%2FiedcUNnz1x54ZB%2FwVUDk8N3NdmluStA2To%2BgJAdJ9E%2B2z5SJJExUWwFBKIDFFADaLuJVafGFjSKD5umZzWzCzjtn2wnY2dt%2BXXZndBG8HtOExLHwzlltTTbOlfj%2FjHewjDw%3D%3D&checksum=383203553465182703007992438db3d22cae57f0452e&enc=AQAEAAACQBPxNw%2BVj6nta7CKEs3N0qWRhLY8qSR0FjRt8cqqoTp6U8uprNTb7SwoAPmDm8aUsfJlc1snbQLUoarqF2tWoEUcl%2B3FnR5lbQZzD81z3xzeobtlS7NR10QoKRG%2FlDCbRlDKQ09zn1GxPqlntAi%2BSoEWRCRB5%2BlzpiS149FRQUTtcE0BzVZFK25w5dgQSb1QQ0TD0HUbGb4%2B83Yyfqjj4GCDmqDgdj6hQMGZAD%2FqyVjiIkJ45x6wI4VcHywL27evXquhDdfwfXxfsqEznWcxwbfGnfjl19CxaQwkC125csrsc3y8JAUqM9sRDLeM8H5zhomncSpJhVYmVGY%2BlHZrCcgmF84nPnTgWXLUMIkz9CYdfVAwl4UdlDWmara%2FGWTXVi2Mdryd0Mhu4kzAnHtjeY39kABdxDyKzCZRIkAQYI7fDM2Nw5bVvSrd7fhU7ocfCs2Cqo8I%2Fa23oFoB%2BeWjLmS8H3tvAbdqY44VRgxoFFtL%2BK8TYo%2F0TfcCsbYDZ1bSovxajysIpcsCditId6jbSxRmv%2BfTDKM7ykqmLi47JHspUvG1UxVYLjvGVBzwzdCQ0RZbLYZqjREdYv%2Fpmm8EhIFNhTXILDNgjteuMKeMgtGPYemTypn2WwkNbC01bD%2FiedcUNnz1x54ZB%2FwVUDk8N3NdmluStA2To%2BgJAdJ9E%2B2z5SJJExUWwFBKIDFFADaLuJVafGFjSKD5umZzWzCzjtn2wnY2dt%2BXXZndBG8HtOExLHwzlltTTbOlfj%2FjHewjDw%3D%3D&checksum=383203553465182703007992438db3d22cae57f0452e
Details about   Invicta Men Pro Diver Scuba Chrono 18KT Gold Plated Stainless St Black Dial Watc,$79.99,US,,https://www.ebay.com/itm/Invicta-Men-Pro-Diver-Scuba-Chrono-18KT-Gold-Plated-Stainless-St-Black-Dial-Watc/132844652503?epid=174044962&hash=item1eee2887d7:g:63IAAOSwzThb33Zv:sc:USPSPriority!40291!US!-1
Details about   Invicta Men's Pro Diver Scuba Gold-Tone 50mm - Choice of Color,$81.23,US,119,https://www.ebay.com/itm/Invicta-Mens-Pro-Diver-Scuba-Gold-Tone-50mm-Choice-of-Color/333271580550?epid=22031096078&hash=item4d9888bf86:m:mfVYjyePB8FWDzc4VUCYtgw
Details about   Mens Invicta Pro Diver Scuba 18kt Gold Plated Chronograph Green 48mm Watch New,$119.99,US,951,https://www.ebay.com/itm/Mens-Invicta-Pro-Diver-Scuba-18kt-Gold-Plated-Chronograph-Green-48mm-Watch-New/272837289313?hash=item3f865ea561:g:IfUAAOSw4HVWEa5k
Details about   Seiko Men's Solar Chronograph Quartz 100m Stainless Steel Watch,$114.95,US,20,https://www.ebay.com/itm/Seiko-Mens-Solar-Chronograph-Quartz-100m-Stainless-Steel-Watch/202809543538?hash=item2f38640b72:m:mWMCxitElzud_0INGRnS-cg
Details about   Bulova Men's 96A170 Automatic Skeleton Black Dial Silver-Tone Band 43mm Watch,$119.99,US,68,https://www.ebay.com/itm/Bulova-Mens-96A170-Automatic-Skeleton-Black-Dial-Silver-Tone-Band-43mm-Watch/113860261365?hash=item1a8299b5f5:g:VeEAAOSwigpc-rNN:sc:FedExHomeDelivery!40291!US!-1
Details about   Casio MDV106-1A Men's Analog Watch - Black,$49.90/ea,US,110,https://www.ebay.com/itm/Casio-MDV106-1A-Mens-Analog-Watch-Black/283551683296?epid=144524058&hash=item4204ff52e0:g:yd8AAOSwqLFdL9Oj
Details about   Citizen Eco-Drive Men's Beige Dial Green Military Strap 43mm Watch AW1465-14H,$59.99,US,95,https://www.ebay.com/itm/Citizen-Eco-Drive-Mens-Beige-Dial-Green-Military-Strap-43mm-Watch-AW1465-14H/293185936874?epid=15035047859&hash=item44433e5dea:g:68cAAOSwKjFdVwHd
Details about   CASIO DW9052-1V Mens Classic G-SHOCK Black Resin Digital Chronograph Sport Watch,$40.89,US,590,https://www.ebay.com/itm/CASIO-DW9052-1V-Mens-Classic-G-SHOCK-Black-Resin-Digital-Chronograph-Sport-Watch/254136341292?epid=86072513&hash=item3b2bb4d32c:g:UrYAAOSwFdtX1sD5
Details about   Casio Men's Watch G-Shock Multi-Band 6 Tough Solar Black Strap GWM5610-1,$84.21,US,12,https://www.ebay.com/itm/Casio-Mens-Watch-G-Shock-Multi-Band-6-Tough-Solar-Black-Strap-GWM5610-1/351601041627?epid=5031096577&hash=item51dd0e20db:g:QF8AAOSwTC1dI1IA
Details about   Citizen Eco Drive CTO Men's BM6995-19E Orange Accents Black Dial 42mm Watch,$54.99,US,239,https://www.ebay.com/itm/Citizen-Eco-Drive-CTO-Mens-BM6995-19E-Orange-Accents-Black-Dial-42mm-Watch/263935414873?epid=2255011258&hash=item3d73c6d259:g:hWIAAOSwf2pbmoAz
Details about   Invicta 24694 Men's Pro Diver 47mm Mechanical Black Dial Watch,$74.98,US,39,https://www.ebay.com/itm/Invicta-24694-Mens-Pro-Diver-47mm-Mechanical-Black-Dial-Watch/333317087640?epid=26035051293&hash=item4d9b3f2198:g:C5gAAOSwS8tdTbsQ
Details about   Citizen Eco-Drive Men's Super Titanium Calendar 44mm Bracelet Watch AW0060-54A,$94.99,US,158,https://www.ebay.com/itm/Citizen-Eco-Drive-Mens-Super-Titanium-Calendar-44mm-Bracelet-Watch-AW0060-54A/303251419999?epid=2305238701&hash=item469b31735f:g:0RcAAOSwti1dVvIT:sc:FedExHomeDelivery!40291!US!-1
Details about   Invicta Men's 48mm PRO DIVER Scuba Chronograph Gold Dial 18K Gold Plated Watch,$109.89,US,,https://www.ebay.com/itm/Invicta-Mens-48mm-PRO-DIVER-Scuba-Chronograph-Gold-Dial-18K-Gold-Plated-Watch/303301039369?epid=710172863&hash=item469e269509:g:s6AAAOSw63tdjY~C
Details about   NEW Invicta Men Pro Diver VD53 Chronograph Ocean Green Dial Stainless St. Watch,$71.99,US,,https://www.ebay.com/itm/NEW-Invicta-Men-Pro-Diver-VD53-Chronograph-Ocean-Green-Dial-Stainless-St-Watch/133176450104?epid=20034762956&hash=item1f01ef5c38:g:MPoAAOSwtHVdgtac:sc:USPSPriority!40291!US!-1
Details about   Men's Army SHOCK Sport Quartz Wrist Day Date Digital Watch Waterproof Military,,,"1,810",https://www.ebay.com/itm/Mens-Army-SHOCK-Sport-Quartz-Wrist-Day-Date-Digital-Watch-Waterproof-Military/303071012181?hash=item469070a555:m:mhxqxmrP855kKeQ9nXqONBg:sc:USPSFirstClass!40291!US!-1
Details about   Citizen Eco-Drive Men's Blue Dial Titanium Bracelet 43mm Watch BM7170-53L,$89.99,US,143,https://www.ebay.com/itm/Citizen-Eco-Drive-Mens-Blue-Dial-Titanium-Bracelet-43mm-Watch-BM7170-53L/264330644534?epid=141040535&hash=item3d8b558c36:g:PcQAAOSwanhbhWXm
Details about   NEW CASIO G-SHOCK GD100-1B BLACK RESIN DIGITAL MILITARY MENS WATCH NWT!!!,$56.00,US,147,https://www.ebay.com/itm/NEW-CASIO-G-SHOCK-GD100-1B-BLACK-RESIN-DIGITAL-MILITARY-MENS-WATCH-NWT/173875283041?epid=174046572&hash=item287bc64461:g:Ov4AAOSwv6Fbrjtq
Details about   New Invicta Mens Cruiseline Pro Diver Swiss Chrono Quartz Limited Edition Watch,$71.95/ea,US,,https://www.ebay.com/itm/New-Invicta-Mens-Cruiseline-Pro-Diver-Swiss-Chrono-Quartz-Limited-Edition-Watch/143350397212?hash=item216059791c:g:Z9cAAOSwvH5dTFv9:sc:USPSPriority!40291!US!-1
Details about   Citizen BN0151-09L Men's ProMaster Professional Diver Eco-Drive Watch Blue,$129.00,US,,https://www.ebay.com/itm/Citizen-BN0151-09L-Mens-ProMaster-Professional-Diver-Eco-Drive-Watch-Blue/274066778393?epid=710108060&hash=item3fcfa72919:g:mF0AAOSwOFFdsk4k
Details about   Invicta Men's Watch Pro Diver Automatic Two Tone Stainless Steel Bracelet 8928OB,$78.72,US,"1,305",https://www.ebay.com/itm/Invicta-Mens-Watch-Pro-Diver-Automatic-Two-Tone-Stainless-Steel-Bracelet-8928OB/231404097975?epid=25026719596&hash=item35e0c251b7:g:2dQAAOSwLpRdLEfi
Details about   SKMEI Men Luxury Waterproof Alarm Stainless Steel Digital Square Wrist Watch US ,,,"1,231",https://www.ebay.com/itm/SKMEI-Men-Luxury-Waterproof-Alarm-Stainless-Steel-Digital-Square-Wrist-Watch-US/132687922729?hash=item1ee4d10629:m:mpyNnEbD7ap8XbCmGMJ58Lg:sc:USPSFirstClass!40291!US!-1
Details about   Kenneth Cole Unlisted Mens Stainless Steel Watch UL 77612,,,579,https://www.ebay.com/itm/Kenneth-Cole-Unlisted-Mens-Stainless-Steel-Watch-UL-77612/273049037154?_trkparms=ispr%3D1&hash=item3f92fda962:g:fDwAAOSwKtlWtjSn&enc=AQAEAAACQBPxNw%2BVj6nta7CKEs3N0qWHXGJx0PCLIsBiVACulgpLKF4D2Pmws%2BnxojZ1LUtOSwtAmwJz7jNh61CY5AAQm2UuABbrKospn%2FIS%2BqsbCLQq2b6ucXcHDB%2BwcHX8EOMXMZ73HMoVHrlWOIYn5wjmbA2B6J13lFMTs6PIguogapqaUCe9XOtvp8LNBnedIrN800Bc7dAEXenFJGGbDD6wHk%2F3uAyAQj4xn2ip5YwxOvR6NgRGSu%2BOsGaxER7GFiUMsgS%2Bqe4h5l5%2FbBoWzk2uGjBRhu8QwlI%2F%2FO5J9oF6zQonPo%2FXB9cQKBZh0zkShJESgPX3Sg5OFRZHZ2fc89Kn9hNn0VSV8B%2FE8Z0QuGy65IJo%2FZo8vJPi7y2DVDERR1gM7ffJswcxM3V%2BHiUA9y049Mm7%2FnuM3sfVYZaHYaw54BGRPJWPjhWh5y3wMw10eQAphUb9JTg7JeeDdM%2Bq4BqF0nF58cpRZKUw8l2iudninLTMJknzmWPL0FDQN7i574zYfIfZZse8%2F1LFCBiDFfU%2FGvxnEDPQ4xjxnzTUY8W4yFMZaIPLt97R6ghcJ4SaQERKQ44I8btxDAI7Xtzt96MevEO8gK5MpT6rw%2FZa3Hef0jnP8Isp2WZBE6QkLZ2AnTCRFCIO%2B92V1vxes6aVqf7xlj%2Bu1sFUAJVcoKxj5Xj7%2B7xGFmdJ62lZKod96tedf1AzHa9w984EvwsrgOP9vAEukpg5VgbsmDCaYi%2FubouuevXtgC3eGY5qkRJtJRv1y9meCQ%3D%3D&checksum=273049037154182703007992438db3d22cae57f0452e&enc=AQAEAAACQBPxNw%2BVj6nta7CKEs3N0qWHXGJx0PCLIsBiVACulgpLKF4D2Pmws%2BnxojZ1LUtOSwtAmwJz7jNh61CY5AAQm2UuABbrKospn%2FIS%2BqsbCLQq2b6ucXcHDB%2BwcHX8EOMXMZ73HMoVHrlWOIYn5wjmbA2B6J13lFMTs6PIguogapqaUCe9XOtvp8LNBnedIrN800Bc7dAEXenFJGGbDD6wHk%2F3uAyAQj4xn2ip5YwxOvR6NgRGSu%2BOsGaxER7GFiUMsgS%2Bqe4h5l5%2FbBoWzk2uGjBRhu8QwlI%2F%2FO5J9oF6zQonPo%2FXB9cQKBZh0zkShJESgPX3Sg5OFRZHZ2fc89Kn9hNn0VSV8B%2FE8Z0QuGy65IJo%2FZo8vJPi7y2DVDERR1gM7ffJswcxM3V%2BHiUA9y049Mm7%2FnuM3sfVYZaHYaw54BGRPJWPjhWh5y3wMw10eQAphUb9JTg7JeeDdM%2Bq4BqF0nF58cpRZKUw8l2iudninLTMJknzmWPL0FDQN7i574zYfIfZZse8%2F1LFCBiDFfU%2FGvxnEDPQ4xjxnzTUY8W4yFMZaIPLt97R6ghcJ4SaQERKQ44I8btxDAI7Xtzt96MevEO8gK5MpT6rw%2FZa3Hef0jnP8Isp2WZBE6QkLZ2AnTCRFCIO%2B92V1vxes6aVqf7xlj%2Bu1sFUAJVcoKxj5Xj7%2B7xGFmdJ62lZKod96tedf1AzHa9w984EvwsrgOP9vAEukpg5VgbsmDCaYi%2FubouuevXtgC3eGY5qkRJtJRv1y9meCQ%3D%3D&checksum=273049037154182703007992438db3d22cae57f0452e
Details about   Men's Skeleton Mechanical Wrist Watch Steampunk Luxury Black Leather Stainless,,,"1,552",https://www.ebay.com/itm/Mens-Skeleton-Mechanical-Wrist-Watch-Steampunk-Luxury-Black-Leather-Stainless/142153745568?_trkparms=ispr%3D1&hash=item21190604a0:m:mxJQGfdy78omqU7pQZkvL9A&enc=AQAEAAACQBPxNw%2BVj6nta7CKEs3N0qVq4aPxBYDrXgrY2M5OZZMPqnrpzXEidMhwLgKMH7D9PY27t61hGtDpOb%2FCPG%2F1mxQG7jGXtUycL7xAdOpzTb3dl5mjH%2FfIcSrVtTZQoHz47TXPmSJG5MbFKc92TturlXIE2UC0NKMTVkvqYTO8zv7hF8ubZG%2FgqLxknK%2BnrjSkMdWCwCGeF%2FJYrQ9nRNdfjWCSYiZs6ndHEq7TutIgF1XiJB0xQ%2BQUm31QoRzpbD7%2BPf887SyNhqC1IKd2WjvKdrJk7g2HMx2si4YhJLogzYAfAcdus7I9U80A9CTuvN%2B24Bzzohi0yX%2BrIvCMEWRbedgbMH3lcPge8ZwlJKnDmDXcP16hBIg%2BJrWuDIAzxbX5xNRbfcac3pc%2FRHU6KYnwSGeUCVtjUGGubzjlBrWwEJfOkyF%2B7DMSfX%2FrjFtSVv6NInXq8XCKtVsNwOpPx7jMScOSSt7XZtNvh2%2Fcvpn7%2FpWTpvzG2dzq%2BC%2Fh6r0CNinVD%2FruXc7enE8eakVps87un0rrmVk4Z%2Fkp2ychwk%2FQpqk%2BQ%2Ba66JOrAoDvIk5r24Jvg5gGSCTRXT7AbBsXJ7%2FWWWLT%2FUDaxPBVvbXu1L1MCW%2Fq9IRw09LLQekq5cDl4u8i8HmtgmN11OSr%2BJOQw%2BpklfqMJV%2BqrkJoB0JpxrPWVPEQcNUAXl%2BIFt1i513XjH4a5RRm6BLnUB0T4WTlGvx6xU6%2FnRD4%2BNFnGp2W4b6SwyBJAv30K84boAnoR1ys665ejw%3D%3D&checksum=142153745568182703007992438db3d22cae57f0452e&enc=AQAEAAACQBPxNw%2BVj6nta7CKEs3N0qVq4aPxBYDrXgrY2M5OZZMPqnrpzXEidMhwLgKMH7D9PY27t61hGtDpOb%2FCPG%2F1mxQG7jGXtUycL7xAdOpzTb3dl5mjH%2FfIcSrVtTZQoHz47TXPmSJG5MbFKc92TturlXIE2UC0NKMTVkvqYTO8zv7hF8ubZG%2FgqLxknK%2BnrjSkMdWCwCGeF%2FJYrQ9nRNdfjWCSYiZs6ndHEq7TutIgF1XiJB0xQ%2BQUm31QoRzpbD7%2BPf887SyNhqC1IKd2WjvKdrJk7g2HMx2si4YhJLogzYAfAcdus7I9U80A9CTuvN%2B24Bzzohi0yX%2BrIvCMEWRbedgbMH3lcPge8ZwlJKnDmDXcP16hBIg%2BJrWuDIAzxbX5xNRbfcac3pc%2FRHU6KYnwSGeUCVtjUGGubzjlBrWwEJfOkyF%2B7DMSfX%2FrjFtSVv6NInXq8XCKtVsNwOpPx7jMScOSSt7XZtNvh2%2Fcvpn7%2FpWTpvzG2dzq%2BC%2Fh6r0CNinVD%2FruXc7enE8eakVps87un0rrmVk4Z%2Fkp2ychwk%2FQpqk%2BQ%2Ba66JOrAoDvIk5r24Jvg5gGSCTRXT7AbBsXJ7%2FWWWLT%2FUDaxPBVvbXu1L1MCW%2Fq9IRw09LLQekq5cDl4u8i8HmtgmN11OSr%2BJOQw%2BpklfqMJV%2BqrkJoB0JpxrPWVPEQcNUAXl%2BIFt1i513XjH4a5RRm6BLnUB0T4WTlGvx6xU6%2FnRD4%2BNFnGp2W4b6SwyBJAv30K84boAnoR1ys665ejw%3D%3D&checksum=142153745568182703007992438db3d22cae57f0452e
