id	first_name	last_name	email	transactions	account_creation
1	Leesa	Burkett	lburkett1@email.com	52	5/17/17
2	Nata	Bampkin	nbampkin2@email.com	33	2/7/18
3	Afton	Byles	abyles3@email.com	97	2/28/18
4	Davie	Collen	dcollen@email.com	40	4/11/17
5	Skylar	Jerzak	sjerzak4@email.com	48	2/25/18
6	Casi	Durker	cdurker5@email.com	48	10/8/17
7	Corenda	Pattrick	cpattrick6@email.com	83	11/28/17
8	Ruthann	Suarez	rsuarez7@email.com	82	12/24/17
9	Nikolaus	Fortey	nfortey8@email.com	99	11/4/17
10	Carole	Lumus	clumus9@email.com	15	7/7/17
11	Lorie	Hindmore	lhindmore@email.com	76	11/19/17
12	Celie	Moakler	cmoakler@email.com	68	6/26/17
13	Berk	Sare	bsare@email.com	13	11/8/17
14	Giana	Podbury	gpodbury@email.com	11	12/11/17
15	Quinn	Hanfrey	qhanfrey@email.com	35	6/23/17
16	Malvina	Theradgould	mtheragould@email.com	99	1/12/16
17	Sianna	Kochs	skochs@email.com	81	4/16/19
18	Thelma	Gehring	tgehring@email.com	24	10/19/18
19	Skell	Bontein	sbontein@email.com	20	3/7/18
20	Frank	Wiffield	fwiffield@email.com	29	11/14/18