Details about   Men's Fashion Luxury Watch Stainless Steel Band Sport Analog Quartz Wristwatches,$12.99/ea,US,"1,537",https://www.ebay.com/itm/Mens-Fashion-Luxury-Watch-Stainless-Steel-Band-Sport-Analog-Quartz-Wristwatches/291811439713?_trkparms=ispr%3D1&hash=item43f1513461:m:mkSaGlxO_zwvsagujI2vQpQ&enc=AQAEAAACQBPxNw%2BVj6nta7CKEs3N0qUC7uJTjA0ZAK627dcmYhHYnNXp7c1j0o6LFLfF%2BHj0DO3ULTg4kuoNAGm42qW7E8ZcHI7ERQH78lhJ0rC8hdLHe9rtQGZRgj3ZO6HbzQB4eGX%2B4pEXVZhZurpQXDyVzvgVNkcBpON3WXFxUg99htjRSPlviDXOjahRUKq%2FB5a4y6LbGq2%2FS%2BbnHZsivLYSfNEGFsU%2BwU7hgLOipYV6CRRT%2B2Rp7gUqkApZ1iPcLdLtBhBKXMCoXiwD7ElANs28EY6cl%2Buw0HqruBkL4cLypr9N3fvr6LMApbHZYAPrYcD%2B6BuT3JTxYLkGMl1W1oXDj720Qi10vCOUWKEq1LjMUQZ2qVd4bABh60LaMi1WCO3TGQYJ9r9fFS86KKQJrEpXSYEvcQkDp0LqlaLVT%2BwfefP4hXeBDh8MhlMaF7x7Q08vE1nUR4bk%2Ba0FCA5CVmlkOkrfcFXncrxFw%2BuOt9Ur9cmi0oNJ83xCufx19ggkGMy2F7%2B1U8dC7yLulyKDhlIL1dWdDl92vy7Iygld68185LHZGVt42N1dwiGlBsDCzh3kT4GDClDgq8NSmjvKkPEWfQ0fCP2YtCpn5SsGK8G3PkXtoCj9Cl%2B7TVIurDS%2FWxrk7ICMQJ0kgFBZ3JnbQ0AHu193ydl1ywn81HlIESu06AkJjYhqOu4OwQ5JOOEd%2F1D3QWQEmf2kvH3pjy6H1EIht05EYgoKCNXBEZdV523W0on8HSe6WIulEnLRZSIq3n1SxQ%3D%3D&checksum=2918114397139b457ff342b74e53a2c38efcac02d95d&enc=AQAEAAACQBPxNw%2BVj6nta7CKEs3N0qUC7uJTjA0ZAK627dcmYhHYnNXp7c1j0o6LFLfF%2BHj0DO3ULTg4kuoNAGm42qW7E8ZcHI7ERQH78lhJ0rC8hdLHe9rtQGZRgj3ZO6HbzQB4eGX%2B4pEXVZhZurpQXDyVzvgVNkcBpON3WXFxUg99htjRSPlviDXOjahRUKq%2FB5a4y6LbGq2%2FS%2BbnHZsivLYSfNEGFsU%2BwU7hgLOipYV6CRRT%2B2Rp7gUqkApZ1iPcLdLtBhBKXMCoXiwD7ElANs28EY6cl%2Buw0HqruBkL4cLypr9N3fvr6LMApbHZYAPrYcD%2B6BuT3JTxYLkGMl1W1oXDj720Qi10vCOUWKEq1LjMUQZ2qVd4bABh60LaMi1WCO3TGQYJ9r9fFS86KKQJrEpXSYEvcQkDp0LqlaLVT%2BwfefP4hXeBDh8MhlMaF7x7Q08vE1nUR4bk%2Ba0FCA5CVmlkOkrfcFXncrxFw%2BuOt9Ur9cmi0oNJ83xCufx19ggkGMy2F7%2B1U8dC7yLulyKDhlIL1dWdDl92vy7Iygld68185LHZGVt42N1dwiGlBsDCzh3kT4GDClDgq8NSmjvKkPEWfQ0fCP2YtCpn5SsGK8G3PkXtoCj9Cl%2B7TVIurDS%2FWxrk7ICMQJ0kgFBZ3JnbQ0AHu193ydl1ywn81HlIESu06AkJjYhqOu4OwQ5JOOEd%2F1D3QWQEmf2kvH3pjy6H1EIht05EYgoKCNXBEZdV523W0on8HSe6WIulEnLRZSIq3n1SxQ%3D%3D&checksum=2918114397139b457ff342b74e53a2c38efcac02d95d
Details about   Luxury Mens Stainless Steel Gold Tone Skeleton Automatic Mechanical Wrist Watch,$21.99/ea,US,"1,442",https://www.ebay.com/itm/Luxury-Mens-Stainless-Steel-Gold-Tone-Skeleton-Automatic-Mechanical-Wrist-Watch/292563147033?_trkparms=ispr%3D1&hash=item441e1f5919:g:Nx8AAOSwk9pdZO1q&enc=AQAEAAACQBPxNw%2BVj6nta7CKEs3N0qVe5sMjk9uDwr2szatij%2FYrxVjpdMlD%2BG9q8znMSZihvJ4nAe7fxl6QzSa8x78QkNGviwLNHI92O6%2FkmduDt8vZ5K5hMfIjVekfZTATwMVezhhH3lzbtXrW631lEflp146LUmQ8KP35HaSr0ZzksjvkNPhahCkj8Cf7qdFwaSsjOZQFNKFkfhEBWgRec7vixzn9HPMViXKfK5slBdYTb2QcDaDQ4bai4f89uyjcbrgOTxkqLmM9L7uffMPg4GwHKQdE9YBI%2FuvwQgKPDKyOqDSS3MzCY5QYZuryoJ0KDpl%2B3puFgA7FoOhuGrLE8Z6Sx9Lq9H9B3tRzA8Tm1CJPyYgtItBIBhD3%2F2qdRGRrpv19KFtp1QL19lZ5D2VK2nLN%2B6wmjCtPkm53N%2B6HMQjty8iA7MXdinAVKG2LNMgwthXCDe1qvIxOhmic5GWM4ssam%2FgACG%2BsddGnRehblqcceskZ%2Fjho%2FyIrUc%2BMTD9vrjKhurDkSqn2wtSVIUlXiIrmMlWkGTQywljxPZadatiP5qBGFk5W%2FErJKuIiQB4n6Jb0JszWgkIPurWn%2BBlWLb8dN25jetV6tt5QZF8TnYxrbKmDCtjiI62wUOE0Uq6d8qlbM69MUT7DZfuArx6C8x3gnpOZvf9oqItud1w3fj2nCofP3fW7Deexk4L5SKwAMSKS99fGiJwEmEyDZG6CO%2BLS%2BhnUyh4AnVcdTK90yIqj%2FBLsQ6LQsqh3oZhplXXMrvvM7g%3D%3D&checksum=2925631470339b457ff342b74e53a2c38efcac02d95d&enc=AQAEAAACQBPxNw%2BVj6nta7CKEs3N0qVe5sMjk9uDwr2szatij%2FYrxVjpdMlD%2BG9q8znMSZihvJ4nAe7fxl6QzSa8x78QkNGviwLNHI92O6%2FkmduDt8vZ5K5hMfIjVekfZTATwMVezhhH3lzbtXrW631lEflp146LUmQ8KP35HaSr0ZzksjvkNPhahCkj8Cf7qdFwaSsjOZQFNKFkfhEBWgRec7vixzn9HPMViXKfK5slBdYTb2QcDaDQ4bai4f89uyjcbrgOTxkqLmM9L7uffMPg4GwHKQdE9YBI%2FuvwQgKPDKyOqDSS3MzCY5QYZuryoJ0KDpl%2B3puFgA7FoOhuGrLE8Z6Sx9Lq9H9B3tRzA8Tm1CJPyYgtItBIBhD3%2F2qdRGRrpv19KFtp1QL19lZ5D2VK2nLN%2B6wmjCtPkm53N%2B6HMQjty8iA7MXdinAVKG2LNMgwthXCDe1qvIxOhmic5GWM4ssam%2FgACG%2BsddGnRehblqcceskZ%2Fjho%2FyIrUc%2BMTD9vrjKhurDkSqn2wtSVIUlXiIrmMlWkGTQywljxPZadatiP5qBGFk5W%2FErJKuIiQB4n6Jb0JszWgkIPurWn%2BBlWLb8dN25jetV6tt5QZF8TnYxrbKmDCtjiI62wUOE0Uq6d8qlbM69MUT7DZfuArx6C8x3gnpOZvf9oqItud1w3fj2nCofP3fW7Deexk4L5SKwAMSKS99fGiJwEmEyDZG6CO%2BLS%2BhnUyh4AnVcdTK90yIqj%2FBLsQ6LQsqh3oZhplXXMrvvM7g%3D%3D&checksum=2925631470339b457ff342b74e53a2c38efcac02d95d
Details about   Men's Akribos XXIV AK959 Quartz Sunray Dial Date Stainless Steel Mesh Watch,$34.77,US,"1,709",https://www.ebay.com/itm/Mens-Akribos-XXIV-AK959-Quartz-Sunray-Dial-Date-Stainless-Steel-Mesh-Watch/122339397594?_trkparms=ispr%3D1&hash=item1c7bff0fda:m:mEPJerxNJTviahD5GLU55ig&enc=AQAEAAACQBPxNw%2BVj6nta7CKEs3N0qVOwexzJv1zSU8GiV4pX52ves3lUHsUtxOQB62iknHpS9tHhqrmugOTq9qVgeh2VORJBTmCN%2FQn8YU2gtn7aFkcuXesBnwmtLMiYjy7LcTbIJt1XXfD3TLjl7PM6dVCSPBV78Acm6JtcXtwM0BaQFhfTzJK2eOcLZPiKEFrTMLs1w4wYzPI47Fe%2BNgQXrreJASzJhXt9yGahmqmtSsbHps9%2FCBunKPdLgGdczbwr0BFFK1Sx58tiAK9JxTq4GkcVWHLNiFKSsmGPsB8dVGBIDHDUgk3%2F6rIL%2FDseLo9j3piDiQkWSDVOMyXH2bfd5dVgg9H1U0sVPiK4LBVw2J3qEn7rJUiVZJRq1wa0ROnCrkB03aKVd50D3DaRvpDj5S%2FUIZQr%2FlxNz56%2B6ZC7alm3Zu14IsW5gaScdgu8vnjJNho0r4zfNTPCOIkZbWbqH94lZ5Y%2F%2BdTKJs7E352FoIYGkQ63gfJkblTjclVn8MpEku1c%2FY7QIG036IGrv5cM1Cql7MGeX5vGEanjsEtoquafghLs93zrDHt8DrwDe7GxUiHTFkjxD9T3v3iOFCUeDi%2F4MFONpvp3WBlz5uifaAeRp2E2pBk2N29k6JQ6yRlBMjsv9tCUUyvQIj3ciuQ0uheKhYLhxWr2kLno9XIX6LjDdvty122puNucJ34HrvIwuqmAs3UY8Qu9lFnV622jtSpN%2BRyUZoJxo114%2FQ2FUe%2Bso4HEM%2BTmgZaihwXmvq%2Bm1VG1Q%3D%3D&checksum=1223393975949b457ff342b74e53a2c38efcac02d95d&enc=AQAEAAACQBPxNw%2BVj6nta7CKEs3N0qVOwexzJv1zSU8GiV4pX52ves3lUHsUtxOQB62iknHpS9tHhqrmugOTq9qVgeh2VORJBTmCN%2FQn8YU2gtn7aFkcuXesBnwmtLMiYjy7LcTbIJt1XXfD3TLjl7PM6dVCSPBV78Acm6JtcXtwM0BaQFhfTzJK2eOcLZPiKEFrTMLs1w4wYzPI47Fe%2BNgQXrreJASzJhXt9yGahmqmtSsbHps9%2FCBunKPdLgGdczbwr0BFFK1Sx58tiAK9JxTq4GkcVWHLNiFKSsmGPsB8dVGBIDHDUgk3%2F6rIL%2FDseLo9j3piDiQkWSDVOMyXH2bfd5dVgg9H1U0sVPiK4LBVw2J3qEn7rJUiVZJRq1wa0ROnCrkB03aKVd50D3DaRvpDj5S%2FUIZQr%2FlxNz56%2B6ZC7alm3Zu14IsW5gaScdgu8vnjJNho0r4zfNTPCOIkZbWbqH94lZ5Y%2F%2BdTKJs7E352FoIYGkQ63gfJkblTjclVn8MpEku1c%2FY7QIG036IGrv5cM1Cql7MGeX5vGEanjsEtoquafghLs93zrDHt8DrwDe7GxUiHTFkjxD9T3v3iOFCUeDi%2F4MFONpvp3WBlz5uifaAeRp2E2pBk2N29k6JQ6yRlBMjsv9tCUUyvQIj3ciuQ0uheKhYLhxWr2kLno9XIX6LjDdvty122puNucJ34HrvIwuqmAs3UY8Qu9lFnV622jtSpN%2BRyUZoJxo114%2FQ2FUe%2Bso4HEM%2BTmgZaihwXmvq%2Bm1VG1Q%3D%3D&checksum=1223393975949b457ff342b74e53a2c38efcac02d95d
Details about   Skeleton Dial Automatic Mechanical Watch Men's Stainless Steel Band Wrist Watch,$19.99/ea,US,680,https://www.ebay.com/itm/Skeleton-Dial-Automatic-Mechanical-Watch-Mens-Stainless-Steel-Band-Wrist-Watch/273571311731?_trkparms=ispr%3D1&hash=item3fb21ef073:g:oMAAAOSwZW5Z~S7t&enc=AQAEAAACQBPxNw%2BVj6nta7CKEs3N0qXsYaNGrmaPVblUqjCNqmlqKl1UPS2gfp0SuuY%2FSbARDTywT2fWOPKBhHacKNp685rCTnfZmiGlMgAklNcgGnhi8HB0%2FLp9Bqep%2FlnYjMBnTDtmDnPEcgdJBbHfG6VrAeHG3dPOFMOvYAyFsjaJXOmxFR5KOFYJPIRO5M3RBHkoZcVqUpCQxoWS1y1tRdSgFIq06x7%2BJTJj7%2FlqhhfioglWlklMxuNxvssXlSjMphMbLkg%2FylWwJmYgSJlrAZ2labKclYgmo20%2BEjEjQ7IoX%2BsuyIz7jiIBiD1l%2BelUqbSwmIJaR1a0ffMv5rrnXgXPJWyEONOFuZJhpZ0S9I%2BBgmhJeCB7fHB5vydgc59rbJTOJVuf%2FqyHUZHSwVq6qNG%2F8RbYURyOU6SPpMaep9BA1GvAdUdeq5jj%2FEpYI7LhR0MtQ7DvLbunw%2Bory1ZxM8O%2F1c5JQXwr34E3Gh1z6pbqXvgYKTEZPKeVT1%2BPud%2BJm%2Fg7oq3xwmpoKIEoje0%2FCsWPHywJOWIof%2BldqaujIHH3HUe4gIE8EWHslfbg7vicBBXpKe6c2pcgMcaFlJpGAFNEqGcxhj8NSaPKri0%2BOLdPSBGL0IXMyIxqDpE3jW5nU%2FU%2FOS2hQ0z0TzZOb2huKp1FWzaCsDOXahfgvNILGSaDsLN5IZDS0IN3WQo8wS4K2USq3NFo9TF0SyxWvpSQ23GJwWv4zmOGypNHOP26IYAa6jOHQxGLNBNLIHI2pV5eenkmwQ%3D%3D&checksum=2735713117319b457ff342b74e53a2c38efcac02d95d&enc=AQAEAAACQBPxNw%2BVj6nta7CKEs3N0qXsYaNGrmaPVblUqjCNqmlqKl1UPS2gfp0SuuY%2FSbARDTywT2fWOPKBhHacKNp685rCTnfZmiGlMgAklNcgGnhi8HB0%2FLp9Bqep%2FlnYjMBnTDtmDnPEcgdJBbHfG6VrAeHG3dPOFMOvYAyFsjaJXOmxFR5KOFYJPIRO5M3RBHkoZcVqUpCQxoWS1y1tRdSgFIq06x7%2BJTJj7%2FlqhhfioglWlklMxuNxvssXlSjMphMbLkg%2FylWwJmYgSJlrAZ2labKclYgmo20%2BEjEjQ7IoX%2BsuyIz7jiIBiD1l%2BelUqbSwmIJaR1a0ffMv5rrnXgXPJWyEONOFuZJhpZ0S9I%2BBgmhJeCB7fHB5vydgc59rbJTOJVuf%2FqyHUZHSwVq6qNG%2F8RbYURyOU6SPpMaep9BA1GvAdUdeq5jj%2FEpYI7LhR0MtQ7DvLbunw%2Bory1ZxM8O%2F1c5JQXwr34E3Gh1z6pbqXvgYKTEZPKeVT1%2BPud%2BJm%2Fg7oq3xwmpoKIEoje0%2FCsWPHywJOWIof%2BldqaujIHH3HUe4gIE8EWHslfbg7vicBBXpKe6c2pcgMcaFlJpGAFNEqGcxhj8NSaPKri0%2BOLdPSBGL0IXMyIxqDpE3jW5nU%2FU%2FOS2hQ0z0TzZOb2huKp1FWzaCsDOXahfgvNILGSaDsLN5IZDS0IN3WQo8wS4K2USq3NFo9TF0SyxWvpSQ23GJwWv4zmOGypNHOP26IYAa6jOHQxGLNBNLIHI2pV5eenkmwQ%3D%3D&checksum=2735713117319b457ff342b74e53a2c38efcac02d95d
Details about   Mens Elgin Luxury Auto Chronograph Skeleton Stainless Steel Dress Watch FG8030S,$59.95,US,,https://www.ebay.com/itm/Mens-Elgin-Luxury-Auto-Chronograph-Skeleton-Stainless-Steel-Dress-Watch-FG8030S/273976148428?_trkparms=ispr%3D1&hash=item3fca4041cc:g:~H0AAOSwRQxdXvfm&enc=AQAEAAACQBPxNw%2BVj6nta7CKEs3N0qUzctqTRyOxRmPcRlkKYi9sItpCXDgwyC5tvugVwysGPdbxW0I2oY%2FVVGZ20h%2BN1ecedUCXxeOZZsO0qJcHGXHw6dnKsUVLUMSFI%2BoVqK8uMGMaKnkOYJ3Q4XG9CjsxBO2aiUB8RemHq4T7aAl43GXl9p6QL9NLtxIVwPZJZ%2FlAqTZxPZkGXOgdsjOF447X3rnx4ZudrTPAVBYEKHAMat8E9xBdO33XMvw8AR4GSq%2FjATwa4Rt8x585hra6olunjYUSX2O6G4Yw0GaE7XO0dPbbtwtUwKBzVpe%2FT5OnoKJAHD4BbuKZZ2hCDFxxuWHhdQQIb7VMhkRbqn%2FmZMQc2nyi%2FHcs8ZOr1GkhtkufY1vbOC0YiTkEQ3Bys5mWYpZODuHQ7NaAUhW42f%2B879uoK80Yin7Mi2CEPDqzdD8iJJgaSqnWiHlsD7HXJTM7ZNxgSKYhSBuXXIe%2Fxdx160%2B0R%2BbQ6lo1%2FsWDirdomMxnb5p4aBh858j4G6kZgH11YAIDWsgV9cBhguPf2X5%2BmaEk4kviqKxgkSGmR5dZQFYIjcEv0kpjVSi7Q7auRDlkCPKNSf0YVcdiqpRxh9rzqf6SNCePQe4U%2BrBIrSKVoDQk%2FBXHmbRN6pRzZwEgb%2FKCRHW%2BdRurazu97NPO1P8Q777rdRG2Hy0rvrue9VLOG2ueftctzqoU0728%2FqpFQXI203H0xK5iTBszdNYo%2BZiOpjK3DDuZxBjErN8k2d53M8cZYceGfw%3D%3D&checksum=2739761484289b457ff342b74e53a2c38efcac02d95d&enc=AQAEAAACQBPxNw%2BVj6nta7CKEs3N0qUzctqTRyOxRmPcRlkKYi9sItpCXDgwyC5tvugVwysGPdbxW0I2oY%2FVVGZ20h%2BN1ecedUCXxeOZZsO0qJcHGXHw6dnKsUVLUMSFI%2BoVqK8uMGMaKnkOYJ3Q4XG9CjsxBO2aiUB8RemHq4T7aAl43GXl9p6QL9NLtxIVwPZJZ%2FlAqTZxPZkGXOgdsjOF447X3rnx4ZudrTPAVBYEKHAMat8E9xBdO33XMvw8AR4GSq%2FjATwa4Rt8x585hra6olunjYUSX2O6G4Yw0GaE7XO0dPbbtwtUwKBzVpe%2FT5OnoKJAHD4BbuKZZ2hCDFxxuWHhdQQIb7VMhkRbqn%2FmZMQc2nyi%2FHcs8ZOr1GkhtkufY1vbOC0YiTkEQ3Bys5mWYpZODuHQ7NaAUhW42f%2B879uoK80Yin7Mi2CEPDqzdD8iJJgaSqnWiHlsD7HXJTM7ZNxgSKYhSBuXXIe%2Fxdx160%2B0R%2BbQ6lo1%2FsWDirdomMxnb5p4aBh858j4G6kZgH11YAIDWsgV9cBhguPf2X5%2BmaEk4kviqKxgkSGmR5dZQFYIjcEv0kpjVSi7Q7auRDlkCPKNSf0YVcdiqpRxh9rzqf6SNCePQe4U%2BrBIrSKVoDQk%2FBXHmbRN6pRzZwEgb%2FKCRHW%2BdRurazu97NPO1P8Q777rdRG2Hy0rvrue9VLOG2ueftctzqoU0728%2FqpFQXI203H0xK5iTBszdNYo%2BZiOpjK3DDuZxBjErN8k2d53M8cZYceGfw%3D%3D&checksum=2739761484289b457ff342b74e53a2c38efcac02d95d
Details about   NEW Invicta Mens 18K Gold Plated Stainless Steel Golden Dial Chronograph Watch!!,$65.99,US,,https://www.ebay.com/itm/NEW-Invicta-Mens-18K-Gold-Plated-Stainless-Steel-Golden-Dial-Chronograph-Watch/362496791820?hash=item54667e150c:g:UP4AAOSwl39bY9b7:sc:USPSPriority!40291!US!-1
Details about   DETOMASO FIRENZE Mens Wrist Watch Chronograph Silver Mesh Milanaise Strap New,,,,https://www.ebay.com/itm/DETOMASO-FIRENZE-Mens-Wrist-Watch-Chronograph-Silver-Mesh-Milanaise-Strap-New/362801796516?hash=item5478ac15a4:m:mS_GQYFOfnYxx8Ykx16IhJQ
Details about   Invicta Men's Pro Diver Stainless Steel 43mm Quartz Watch 30609-30618,$45.99,US,139,https://www.ebay.com/itm/Invicta-Mens-Pro-Diver-Stainless-Steel-43mm-Quartz-Watch-30609-30618/133224249944?hash=item1f04c8ba58:m:m1FawEVJHqtxtSfuVnMJntw
Details about   Bulova Precisionist Men's Quartz Chronograph Silver-Tone Bracelet Watch 96B175,$229.99,US,572,https://www.ebay.com/itm/Bulova-Precisionist-Mens-Quartz-Chronograph-Silver-Tone-Bracelet-Watch-96B175/302947155184?epid=219528690&hash=item46890ebcf0:g:sDIAAOSweX5b2dKT:sc:FedExHomeDelivery!40291!US!-1
Details about   NEW Invicta Mens 18K Gold Plated Stainless Steel Swiss Chronograph Capsule Watch,$129.99,US,,https://www.ebay.com/itm/NEW-Invicta-Mens-18K-Gold-Plated-Stainless-Steel-Swiss-Chronograph-Capsule-Watch/143396618170?epid=17034686576&hash=item21631abfba:g:QgYAAOSwaF5djubw:sc:USPSPriority!40291!US!-1
Details about   NEW Invicta Mens Pro Diver Scuba Chronograph 18KT Gold Plated Stainless St Watch,$79.99,US,,https://www.ebay.com/itm/NEW-Invicta-Mens-Pro-Diver-Scuba-Chronograph-18KT-Gold-Plated-Stainless-St-Watch/142923399289?epid=710172863&hash=item2146e60079:g:eH4AAOSwcRZbifJR:sc:USPSPriority!40291!US!-1
Details about   Citizen Men's Quartz Chronograph Black Multi Dial Bracelet 42mm Watch AN3645-51E,$69.99,US,53,https://www.ebay.com/itm/Citizen-Mens-Quartz-Chronograph-Black-Multi-Dial-Bracelet-42mm-Watch-AN3645-51E/264476837882?epid=28030730245&hash=item3d940c47fa:g:pegAAOSwDKBdipxt:sc:FedExHomeDelivery!40291!US!-1
Details about   Bulova CURV Men's Quartz Gray Dial Silicone Black Band 44mm Watch 98A161 ,$274.99,US,18,https://www.ebay.com/itm/Bulova-CURV-Mens-Quartz-Gray-Dial-Silicone-Black-Band-44mm-Watch-98A161/293260815062?epid=11032158620&hash=item4447b4ead6:g:8M8AAOSwcBZb2ImC:sc:FedExHomeDelivery!40291!US!-1
Details about   Casio G-shock Men's Black Out Series Analog Digital watch G100BB-1A,$61.07,US,,https://www.ebay.com/itm/Casio-G-shock-Mens-Black-Out-Series-Analog-Digital-watch-G100BB-1A/232811726486?epid=25028305797&hash=item3634a90696:g:DcEAAOSwtNFbKQxP
Details about   Men Military Army Green Analog Digital Quartz Nylon Canvas Wrist Watch Sport US,$16.64,US,"5,236",https://www.ebay.com/itm/Men-Military-Army-Green-Analog-Digital-Quartz-Nylon-Canvas-Wrist-Watch-Sport-US/142464510312?_trkparms=ispr%3D1&hash=item212b8be968:g:8YMAAOSwXrdZ7qr8:sc:USPSFirstClass!40291!US!-1&enc=AQAEAAACQBPxNw%2BVj6nta7CKEs3N0qW25gt0Xf8NPNCRNg2h4AtLnkEZMweAzmlwkAJgwUOQ26TgLPu3bWtQriPKQTprVQhtP6imlhlsTcS05vFmZkmySnsu03qSv82yAoRRSV%2B01quB6B3xIf0Hrg8EkbrIMdbK9VpaExeXny8nscIqqaPTNnuvau3SCbG1LCH%2FsEfOtSq%2B4fDGzekCDM8XVCIJJGJHoZqFcIC%2F%2FNfCEVXxVsiDZSX2hw5Nn1JEXriFK16ql7MhMoOfi%2Fd7GvCLQi8T0x5lU7fuMf18aPtD%2BgX84QcNDw0bh%2FmhRy%2BjmnSdAdihYPu%2B1fydRcJas3b5%2B6aFpZG6lBZFtXhER7NHPXEU%2BLSJ0LVgsOMW6oVhC50BpJw8cHMtENnXk7kJEq6o7Fb20cWQQDy2bNR63w8aDntXxqZtzizxY1GmpQL6QuDfeCBMjKupVyPrmwiYl4joNT%2BSFoQ8gPN9rFVhxFXx%2BKJsXCV%2FD0b2FjWuFs4c4%2Bbg8ul2h6h9ONcUFqJYkN1CvLzs9KNYX2YMXjE8dYFhyjjTUbg0YZWqLJDrql7HFvJDkZCicuYBwuNRqf%2FRU6D6FWXn9TSBUw6j%2FqEUl1CRanbsmhbFMshc2lrl1OXsJ2UYEbuGI3G41zNvybe%2FRgNPhOLMhBTgXkUDc6bUNSrJwFw5lbkxCv4WabGmQfcUK0QcU%2B6%2BtFS66xwvc6F1l8BE3Bn%2BTF1zb4VDTZdq126zNpmaiwwMN8JrHQzZhNplvHcZMcOLmg%3D%3D&checksum=1424645103129b457ff342b74e53a2c38efcac02d95d&enc=AQAEAAACQBPxNw%2BVj6nta7CKEs3N0qW25gt0Xf8NPNCRNg2h4AtLnkEZMweAzmlwkAJgwUOQ26TgLPu3bWtQriPKQTprVQhtP6imlhlsTcS05vFmZkmySnsu03qSv82yAoRRSV%2B01quB6B3xIf0Hrg8EkbrIMdbK9VpaExeXny8nscIqqaPTNnuvau3SCbG1LCH%2FsEfOtSq%2B4fDGzekCDM8XVCIJJGJHoZqFcIC%2F%2FNfCEVXxVsiDZSX2hw5Nn1JEXriFK16ql7MhMoOfi%2Fd7GvCLQi8T0x5lU7fuMf18aPtD%2BgX84QcNDw0bh%2FmhRy%2BjmnSdAdihYPu%2B1fydRcJas3b5%2B6aFpZG6lBZFtXhER7NHPXEU%2BLSJ0LVgsOMW6oVhC50BpJw8cHMtENnXk7kJEq6o7Fb20cWQQDy2bNR63w8aDntXxqZtzizxY1GmpQL6QuDfeCBMjKupVyPrmwiYl4joNT%2BSFoQ8gPN9rFVhxFXx%2BKJsXCV%2FD0b2FjWuFs4c4%2Bbg8ul2h6h9ONcUFqJYkN1CvLzs9KNYX2YMXjE8dYFhyjjTUbg0YZWqLJDrql7HFvJDkZCicuYBwuNRqf%2FRU6D6FWXn9TSBUw6j%2FqEUl1CRanbsmhbFMshc2lrl1OXsJ2UYEbuGI3G41zNvybe%2FRgNPhOLMhBTgXkUDc6bUNSrJwFw5lbkxCv4WabGmQfcUK0QcU%2B6%2BtFS66xwvc6F1l8BE3Bn%2BTF1zb4VDTZdq126zNpmaiwwMN8JrHQzZhNplvHcZMcOLmg%3D%3D&checksum=1424645103129b457ff342b74e53a2c38efcac02d95d
Details about   Classic Mens Womens Luxury Leather Band Gold Tone Dial Analog Quartz Wrist Watch,$6.06/ea,US,"2,763",https://www.ebay.com/itm/Classic-Mens-Womens-Luxury-Leather-Band-Gold-Tone-Dial-Analog-Quartz-Wrist-Watch/171874423818?_trkparms=ispr%3D1&hash=item280483940a:m:m2ESyYK96-SB-wnlXXMWrzQ:sc:USPSFirstClass!40291!US!-1&enc=AQAEAAACQBPxNw%2BVj6nta7CKEs3N0qXbuYzbUlzlUPJYvvA%2BDY%2FGGDrmkEFBhJZe2BnBlL9EkK2ffddH6H7PsR4fIrUWqa5R7ZxaFZrUQHFw%2BiXNYbwUfUrjTcdeTXe7r1jCm%2F28J%2Bn9evN2%2BCx0iWlN%2FNV%2FhYqDEtRI2J05h36%2BXZXdc2z2WAyocTUv5PWDFME8Sx9NpLRkjO0mqPl7GEboqAZ18raVpNcIqxKYncx3K08HqL35oUORtInrzS8JPdJYZ6KUEcYdTsNpxTvyMBkShwT%2BhMdK9hkn3Urj%2BnXbC1tObraKxokJzgatd4scAY6fo%2BVvIpvPwfOHU9lKQfZvHyeW9VE5%2BujQAJZlAKuM92Z1Qh62Qy9ICCrd8NJdR%2BzX5PeZmNa7VBjc8GON5J74Jg4rIZqazXvnZeUL0UppKkxN0ca%2BQcOK7KmPzxQ7ysJioD7y3Jnz5e3os71%2FfY1HB%2BqyrSKwASPOFaZE0YdGK5PZamY2Wwch2r667DQQef99m7u6w1uiguyLcxMDONA3zJJeFAFUUV6U%2BH9U%2Fc2ud32fUFRQhsiSotIwVWHWXUvju11qbMU1OtgU4w3glRygJ8fLjJcc14TpfZQK%2FZqhY57EjXWrW86X5Bnr7s7vBFdK%2BwrK4Tk%2Bjv81wy5BbZCFdfQapDZ2hQaS7Aoi8hqbjv9KFeJl44TIiVPl6OuSMdOUK0y7PT2rFtSIIkSqU5TH9%2F%2BRmvZhZEDUxzueH4nwJFebJ7y8Z%2B2frkkUov9XcB7Lz8DZHw%3D%3D&checksum=1718744238189b457ff342b74e53a2c38efcac02d95d&enc=AQAEAAACQBPxNw%2BVj6nta7CKEs3N0qXbuYzbUlzlUPJYvvA%2BDY%2FGGDrmkEFBhJZe2BnBlL9EkK2ffddH6H7PsR4fIrUWqa5R7ZxaFZrUQHFw%2BiXNYbwUfUrjTcdeTXe7r1jCm%2F28J%2Bn9evN2%2BCx0iWlN%2FNV%2FhYqDEtRI2J05h36%2BXZXdc2z2WAyocTUv5PWDFME8Sx9NpLRkjO0mqPl7GEboqAZ18raVpNcIqxKYncx3K08HqL35oUORtInrzS8JPdJYZ6KUEcYdTsNpxTvyMBkShwT%2BhMdK9hkn3Urj%2BnXbC1tObraKxokJzgatd4scAY6fo%2BVvIpvPwfOHU9lKQfZvHyeW9VE5%2BujQAJZlAKuM92Z1Qh62Qy9ICCrd8NJdR%2BzX5PeZmNa7VBjc8GON5J74Jg4rIZqazXvnZeUL0UppKkxN0ca%2BQcOK7KmPzxQ7ysJioD7y3Jnz5e3os71%2FfY1HB%2BqyrSKwASPOFaZE0YdGK5PZamY2Wwch2r667DQQef99m7u6w1uiguyLcxMDONA3zJJeFAFUUV6U%2BH9U%2Fc2ud32fUFRQhsiSotIwVWHWXUvju11qbMU1OtgU4w3glRygJ8fLjJcc14TpfZQK%2FZqhY57EjXWrW86X5Bnr7s7vBFdK%2BwrK4Tk%2Bjv81wy5BbZCFdfQapDZ2hQaS7Aoi8hqbjv9KFeJl44TIiVPl6OuSMdOUK0y7PT2rFtSIIkSqU5TH9%2F%2BRmvZhZEDUxzueH4nwJFebJ7y8Z%2B2frkkUov9XcB7Lz8DZHw%3D%3D&checksum=1718744238189b457ff342b74e53a2c38efcac02d95d
Details about   Bulova Marine Star Men's Quartz Chronograph Rose Gold Tone 45mm Watch 98B301,$159.99,US,320,https://www.ebay.com/itm/Bulova-Marine-Star-Mens-Quartz-Chronograph-Rose-Gold-Tone-45mm-Watch-98B301/113690863194?epid=4033519011&hash=item1a7880e65a:g:JjcAAOSwKqNchta3:sc:FedExHomeDelivery!40291!US!-1
Details about   CASIO DW9052-1V Mens Classic G-SHOCK Black Resin Digital Chronograph Sport Watch,$40.89,US,592,https://www.ebay.com/itm/CASIO-DW9052-1V-Mens-Classic-G-SHOCK-Black-Resin-Digital-Chronograph-Sport-Watch/254136341292?epid=86072513&hash=item3b2bb4d32c:g:UrYAAOSwFdtX1sD5
Details about   Casio G-Shock Classic Series Analog-Digital Black Dial Men's Watch GA100-1A1CR,$56.62,US,"1,213",https://www.ebay.com/itm/Casio-G-Shock-Classic-Series-Analog-Digital-Black-Dial-Mens-Watch-GA100-1A1CR/153242714823?epid=141097660&hash=item23adfa42c7:g:AOoAAOSwcDdcCtUW
Details about   NEW Citizen Military Men's Eco-Drive Watch - BM8180-03E,$75.27,US,7,https://www.ebay.com/itm/NEW-Citizen-Military-Mens-Eco-Drive-Watch-BM8180-03E/392401755910?epid=70317213&hash=item5b5cf79f06:g:ofAAAOSw1MRdZZgJ
Details about   Invicta Men's Watch Pro Diver Quartz Black Dial Dive Quartz Bracelet 8932OB,$46.91/ea,US,11,https://www.ebay.com/itm/Invicta-Mens-Watch-Pro-Diver-Quartz-Black-Dial-Dive-Quartz-Bracelet-8932OB/331897627367?epid=222453104&hash=item4d46a3e2e7:g:P-cAAOSwZc1dlKJV
Details about   Invicta 30029 Pro Diver Men's 50mm Chronograph Gold-Tone Charcoal Dial Watch,$81.23,US,105,https://www.ebay.com/itm/Invicta-30029-Pro-Diver-Mens-50mm-Chronograph-Gold-Tone-Charcoal-Dial-Watch/333269011046?epid=20034595653&hash=item4d98618a66:g:PJsAAOSwmNRdLhrr
Details about   NEW Invicta Mens Swiss Combat Sea Spider PU with Black IP Pins Chrono SS Watch,$74.99,US,,https://www.ebay.com/itm/NEW-Invicta-Mens-Swiss-Combat-Sea-Spider-PU-with-Black-IP-Pins-Chrono-SS-Watch/362768139062?epid=144466826&hash=item5476aa8336:g:9~oAAOSwGlZdjuGC:sc:USPSPriority!40291!US!-1
Details about   Luxury Men's Analog Date Slim Mesh Stainless Steel Dress Wrist Watch Waterproof,$12.34,US,,https://www.ebay.com/itm/Luxury-Mens-Analog-Date-Slim-Mesh-Stainless-Steel-Dress-Wrist-Watch-Waterproof/283330220621?_trkparms=ispr%3D1&hash=item41f7cc124d:m:myd2VZnj1dPP1DU13XU0ygw:sc:USPSFirstClass!40291!US!-1&enc=AQAEAAACQBPxNw%2BVj6nta7CKEs3N0qXQueiQ5hhUSUC2%2FGqdtFNLz2FnMm5GfaGyVmnzUYxbT9b6fjjv7TDk1r%2FTZrtNFfiKP6c1NKlHSSyM6ElNDTNykOKBHwROROWNSG%2Fz0R5RJQdQP8DVFgJaQ27Li%2ByOHkWvxzx4YNYESN8GO22dOrew%2FFtHls78XnOuqntvYcShwfdwVnIXTedTT3EUlAIz8kECNS%2FbGsTZ7sCDmvsv0eywP8meIEwT1SefhxAIAdsSHIW8UMiZigWPZWa4Js9AGwu4cQS9Lti22j0RgTKa%2BsvGNefNI2BDcFOXK4g6bphdRyTBvb7k9Bq5lJJPMTi%2BBkLDPRbFIeGM93ruR%2B9eQL1gZ0hfB5eRMn9U5Uqd6PEvlVy1aj1LlY1uH586j82yET0SCUq5PC%2BmUydCExUpG8w1VcfaKbDU7sGg8IizVqk0aXfPqEyg5PYwWtGtGR%2BLUe7EGt7Pv0P5tnosry%2Bv%2FYvjxo8l3F6WmJNGy1lFKWJWwOGhpUWfFuYaaM%2BOFKK4iiVlxhKnjiRWO08EggSut6%2FP8rxpb3BPaLu%2B5lbMSe4XmBSfguhaij7q4CtWC56PckJTkzfTGiyTwXVHe8ro68%2BwqPKiZW%2Fdl%2FxUY5vaoXhKqlGIzHCFWRl9EaUIcUMQFuy3taZI7Bzo7Psz%2Fr6B%2FEc6UYR6d%2FeBptmH18vlj6963Me2%2FvfNz%2FLLbEOdr7Ayrk9zQuA2CdoQpJsAmRxnvLzXLgwhD8zFku78icwLIz3Tvg%3D%3D&checksum=2833302206219b457ff342b74e53a2c38efcac02d95d&enc=AQAEAAACQBPxNw%2BVj6nta7CKEs3N0qXQueiQ5hhUSUC2%2FGqdtFNLz2FnMm5GfaGyVmnzUYxbT9b6fjjv7TDk1r%2FTZrtNFfiKP6c1NKlHSSyM6ElNDTNykOKBHwROROWNSG%2Fz0R5RJQdQP8DVFgJaQ27Li%2ByOHkWvxzx4YNYESN8GO22dOrew%2FFtHls78XnOuqntvYcShwfdwVnIXTedTT3EUlAIz8kECNS%2FbGsTZ7sCDmvsv0eywP8meIEwT1SefhxAIAdsSHIW8UMiZigWPZWa4Js9AGwu4cQS9Lti22j0RgTKa%2BsvGNefNI2BDcFOXK4g6bphdRyTBvb7k9Bq5lJJPMTi%2BBkLDPRbFIeGM93ruR%2B9eQL1gZ0hfB5eRMn9U5Uqd6PEvlVy1aj1LlY1uH586j82yET0SCUq5PC%2BmUydCExUpG8w1VcfaKbDU7sGg8IizVqk0aXfPqEyg5PYwWtGtGR%2BLUe7EGt7Pv0P5tnosry%2Bv%2FYvjxo8l3F6WmJNGy1lFKWJWwOGhpUWfFuYaaM%2BOFKK4iiVlxhKnjiRWO08EggSut6%2FP8rxpb3BPaLu%2B5lbMSe4XmBSfguhaij7q4CtWC56PckJTkzfTGiyTwXVHe8ro68%2BwqPKiZW%2Fdl%2FxUY5vaoXhKqlGIzHCFWRl9EaUIcUMQFuy3taZI7Bzo7Psz%2Fr6B%2FEc6UYR6d%2FeBptmH18vlj6963Me2%2FvfNz%2FLLbEOdr7Ayrk9zQuA2CdoQpJsAmRxnvLzXLgwhD8zFku78icwLIz3Tvg%3D%3D&checksum=2833302206219b457ff342b74e53a2c38efcac02d95d
Details about   Invicta Men's Pro Diver Stainless Steel 40MM Watch- Choose Color (26970 - 26975),$77.65,US,"2,846",https://www.ebay.com/itm/Invicta-Mens-Pro-Diver-Stainless-Steel-40MM-Watch-Choose-Color-26970-26975/132993081609?epid=4031283622&_trkparms=ispr%3D1&hash=item1ef7016109:m:mhekpmuJBNDFh6P0Hb3ArkQ&enc=AQAEAAACQBPxNw%2BVj6nta7CKEs3N0qWinn6nZbkImbooG7vVBr5c88mnmaURJDnCqJpdTfRNsf70r%2BlAy3jFgqMBXVq8RqcO3OMCuzjxpcK4RL%2F0CNPiACXgDDsYi69xihSV96u6%2B%2Fqfh%2Ft2lyJ2M2MkD87p7ObrpUn4DI%2FRRHVGrxwlDB5DI%2F2bYNdWB2y6CRPhXZQ%2Bhy%2F8qOVmFNxF92V59zaQc5oXCYFppz04C4LlgDHbyZ5uRShx1mxBlxYidD85zcdimUULjDgzgeDDYiinD2ix24m3vf9n%2B4YQsvccT70jheekS3jm4dB4c2cugDHFKa9zqzNwpOUv354QnkdqTftMKDWNA9SS4MO1Ay%2F4yeoPkM2m65B6%2BTh%2B9ajCgTa%2FAJPTuUACDerWQLTbPL84TjrgO7MMinS5vUvCUVvOVwcieR5nkSLyN2CAGJMAgahy2FXjC3W1dt6lOoY52dMgZd0hMA1PJrwtzk6gCJQng1paNSpexU4ST1UYxe%2Bh00SqDt1QaiKq3Py8EHnw3YzsmIBuAkvncsbHHv8m4iFLmaIrhbsSqlKaRMZuyT0VzwkWcOiHh7YZ4999YhkT1En6KWyOBbdqnljtlmJDnIg8%2BiC6mILi8q5zBZO2Ya2WorOqxpC%2BnBwFfvRHDfUzWLdU5eurCRboVR5MK1TGW1Ef4fGAR%2BuE1LtPoKCn9lQvr8DWueQ43w%2FXWSbfg5ywkBJpahW8ejTiYwKkao3LquqoIIazxpgt1hFMWuWmVxaD%2FTRAJ5%2BGfw%3D%3D&checksum=1329930816099b457ff342b74e53a2c38efcac02d95d&enc=AQAEAAACQBPxNw%2BVj6nta7CKEs3N0qWinn6nZbkImbooG7vVBr5c88mnmaURJDnCqJpdTfRNsf70r%2BlAy3jFgqMBXVq8RqcO3OMCuzjxpcK4RL%2F0CNPiACXgDDsYi69xihSV96u6%2B%2Fqfh%2Ft2lyJ2M2MkD87p7ObrpUn4DI%2FRRHVGrxwlDB5DI%2F2bYNdWB2y6CRPhXZQ%2Bhy%2F8qOVmFNxF92V59zaQc5oXCYFppz04C4LlgDHbyZ5uRShx1mxBlxYidD85zcdimUULjDgzgeDDYiinD2ix24m3vf9n%2B4YQsvccT70jheekS3jm4dB4c2cugDHFKa9zqzNwpOUv354QnkdqTftMKDWNA9SS4MO1Ay%2F4yeoPkM2m65B6%2BTh%2B9ajCgTa%2FAJPTuUACDerWQLTbPL84TjrgO7MMinS5vUvCUVvOVwcieR5nkSLyN2CAGJMAgahy2FXjC3W1dt6lOoY52dMgZd0hMA1PJrwtzk6gCJQng1paNSpexU4ST1UYxe%2Bh00SqDt1QaiKq3Py8EHnw3YzsmIBuAkvncsbHHv8m4iFLmaIrhbsSqlKaRMZuyT0VzwkWcOiHh7YZ4999YhkT1En6KWyOBbdqnljtlmJDnIg8%2BiC6mILi8q5zBZO2Ya2WorOqxpC%2BnBwFfvRHDfUzWLdU5eurCRboVR5MK1TGW1Ef4fGAR%2BuE1LtPoKCn9lQvr8DWueQ43w%2FXWSbfg5ywkBJpahW8ejTiYwKkao3LquqoIIazxpgt1hFMWuWmVxaD%2FTRAJ5%2BGfw%3D%3D&checksum=1329930816099b457ff342b74e53a2c38efcac02d95d
Details about   Bulova Precisionist Men's Langford Quartz Black Leather Band 42mm Watch 96B158,$89.99,US,72,https://www.ebay.com/itm/Bulova-Precisionist-Mens-Langford-Quartz-Black-Leather-Band-42mm-Watch-96B158/303289398068?epid=1900146445&hash=item469d74f334:g:OcEAAOSwWspbNN9l:sc:FedExHomeDelivery!40291!US!-1
Details about   Fashion Men Military Tactical Digital Analog Sport Date Quartz Shock Wrist Watch,$13.86,US,383,https://www.ebay.com/itm/Fashion-Men-Military-Tactical-Digital-Analog-Sport-Date-Quartz-Shock-Wrist-Watch/303152849806?hash=item469551638e:m:myHnr58MIcqXMY3BEAgmiIg:sc:USPSFirstClass!40291!US!-1
Details about   Casio MDV106-1A Men's Analog Watch - Black,$49.90/ea,US,28,https://www.ebay.com/itm/Casio-MDV106-1A-Mens-Analog-Watch-Black/283551683296?epid=144524058&hash=item4204ff52e0:g:yd8AAOSwqLFdL9Oj
Details about   Invicta Mens 43mm Pro Diver Swiss Movement 18K Gold Plated Stainless Steel Watch,$74.99,US,,https://www.ebay.com/itm/Invicta-Mens-43mm-Pro-Diver-Swiss-Movement-18K-Gold-Plated-Stainless-Steel-Watch/302926072470?hash=item4687cd0a96:g:ZBgAAOSwB5lbyU1F
Details about   Citizen Eco-Drive CTO Men's Blue Dial Mesh Bracelet 42mm Watch BM6990-55L,$54.99,US,336,https://www.ebay.com/itm/Citizen-Eco-Drive-CTO-Mens-Blue-Dial-Mesh-Bracelet-42mm-Watch-BM6990-55L/263525993603?epid=2256007946&hash=item3d5b5f8c83:g:g0IAAOSwTlFajJA2
Details about   Citizen Eco-Drive World Chronograph A-T Men's Watch AT8113-04H,$265.32,US,67,https://www.ebay.com/itm/Citizen-Eco-Drive-World-Chronograph-A-T-Mens-Watch-AT8113-04H/153689662705?epid=14030646150&hash=item23c89e24f1:g:oRQAAOSwBTldqgv~
Details about   Citizen Eco-Drive Men's Proximity Bluetooth Silver-Tone 46mm Watch BZ1000-54E,$109.99,US,821,https://www.ebay.com/itm/Citizen-Eco-Drive-Mens-Proximity-Bluetooth-Silver-Tone-46mm-Watch-BZ1000-54E/263705104676?epid=8028680244&hash=item3d660c9124:g:3OEAAOSwzrNa7K5V:sc:FedExHomeDelivery!40291!US!-1
Details about   Fashion Curren Mens Date Stainless Steel Leather Analog Quartz Sport Wrist Watch,$12.99,US,"5,274",https://www.ebay.com/itm/Fashion-Curren-Mens-Date-Stainless-Steel-Leather-Analog-Quartz-Sport-Wrist-Watch/351813524806?hash=item51e9b85d46:m:mnAjAHMLQ3JeMp3QZXma-Ww
Details about   NEW Invicta Men's Reserve 53mm Bolt ZEUS Swiss Chronograph COMBAT Black SS Watch,$154.99,US,,https://www.ebay.com/itm/NEW-Invicta-Mens-Reserve-53mm-Bolt-ZEUS-Swiss-Chronograph-COMBAT-Black-SS-Watch/372693515330?epid=27034407242&hash=item56c643bc42:g:8-8AAOSwNP5dDClw
Details about   CURREN Casual Sport Watches for Men Blue Top Brand Luxury Military Leather Wrist,$25.99,US,74,https://www.ebay.com/itm/CURREN-Casual-Sport-Watches-for-Men-Blue-Top-Brand-Luxury-Military-Leather-Wrist/223607264775?hash=item3410081607:m:mk3aoTP6iePvx9MPz6EQNdQ
Details about   Invicta Men Pro Diver Scuba Chrono 18KT Gold Plated Stainless St Black Dial Watc,$79.99,US,,https://www.ebay.com/itm/Invicta-Men-Pro-Diver-Scuba-Chrono-18KT-Gold-Plated-Stainless-St-Black-Dial-Watc/132844652503?epid=174044962&hash=item1eee2887d7:g:63IAAOSwzThb33Zv:sc:USPSPriority!40291!US!-1
Details about   Invicta Men's 54mm Speedway BOLT HYBRID Viper Chronograph Silver Dial SS Watch,$94.99,US,,https://www.ebay.com/itm/Invicta-Mens-54mm-Speedway-BOLT-HYBRID-Viper-Chronograph-Silver-Dial-SS-Watch/293305089395?epid=11021287539&hash=item444a587d73:g:RYsAAOSwaZddumRT
Details about   Bulova Sport Men's Quartz Chronograph Black Dial Blue Band 43mm Watch 98A190,$89.99,US,313,https://www.ebay.com/itm/Bulova-Sport-Mens-Quartz-Chronograph-Black-Dial-Blue-Band-43mm-Watch-98A190/263981105844?epid=4034356896&hash=item3d768002b4:g:6DMAAOSw2jNbu87l:sc:FedExHomeDelivery!40291!US!-1
Details about   Victorinox Classic Quartz Movement Black Dial Men's Watch 26010.CB,$46.91,US,134,https://www.ebay.com/itm/Victorinox-Classic-Quartz-Movement-Black-Dial-Mens-Watch-26010-CB/273759432821?epid=26032585742&_trkparms=ispr%3D1&hash=item3fbd557075:g:ecwAAOSwF9tdl5fq&enc=AQAEAAACQBPxNw%2BVj6nta7CKEs3N0qUhLiktTQkY%2BPbMDqWN8r%2BMlO9sFZ8Zg8XkHx16jl02u7AhPDoEk%2F1SncBGpMc%2F8LfBsz6jnqsIirYwhKflVrXI1Sb67tGSoEl37nxQZj%2FQyIz98U%2FLvpSICxmfQT1rTw9Rspp647vnbYGY03zO8rscEeFCju2nCcs%2FnWDZxkFNAq%2BzXwMYjLaMoCSUnIYIJYrJ5KCWT0s8k0x1bdoZ6CnxphrNGNzWUfxfZpjCzFFMm9wdUDUIITrOaXwrRS8DCUcEasEepZgc2ix6%2BSaZO%2BM34877dYIR6OFEnELmyph565A2DgywsBc1aggb38un5HlwhzJCcbPWv7t1vGQvU1mn4pIvCrPYQA0sQBUm1Zp764XESxOl0CcsB9zjHcpJDyxTQEIbdCfJ857xI49TD8BGI2DXVVTWsRNgAxM21KWX54xVPhA%2F%2B34X8lnbFs58v7Qe3VUwRNKoXRqhYv%2BlSbi6e7jbOgr1mG8e5Z%2BiN3AMOldfvTJvTxMmjTh8M0MwoPN55TGzl8y%2BY3bEyL80VHy0A71NTfDXtga%2BrcYKqwJ3rbyJB5GIGA%2FLoL8EaizzTXdRfO8JQc1%2FZ50Qqno7W2tKAc6FYHey6%2FauV3LN%2BzFlCMOZCnCn78INAm0VzLhBkqQ2zbFfydo2lfB4lxx4IRnwC5oHHjiwVEkOMEVFYAh8jSqA2DMOBw0fTbilgi%2BA%2FGc%2BZOFVsHYWL9PNYyXAyohwmhpic1brxLIIsBKkOey8gg%3D%3D&checksum=2737594328219b457ff342b74e53a2c38efcac02d95d&enc=AQAEAAACQBPxNw%2BVj6nta7CKEs3N0qUhLiktTQkY%2BPbMDqWN8r%2BMlO9sFZ8Zg8XkHx16jl02u7AhPDoEk%2F1SncBGpMc%2F8LfBsz6jnqsIirYwhKflVrXI1Sb67tGSoEl37nxQZj%2FQyIz98U%2FLvpSICxmfQT1rTw9Rspp647vnbYGY03zO8rscEeFCju2nCcs%2FnWDZxkFNAq%2BzXwMYjLaMoCSUnIYIJYrJ5KCWT0s8k0x1bdoZ6CnxphrNGNzWUfxfZpjCzFFMm9wdUDUIITrOaXwrRS8DCUcEasEepZgc2ix6%2BSaZO%2BM34877dYIR6OFEnELmyph565A2DgywsBc1aggb38un5HlwhzJCcbPWv7t1vGQvU1mn4pIvCrPYQA0sQBUm1Zp764XESxOl0CcsB9zjHcpJDyxTQEIbdCfJ857xI49TD8BGI2DXVVTWsRNgAxM21KWX54xVPhA%2F%2B34X8lnbFs58v7Qe3VUwRNKoXRqhYv%2BlSbi6e7jbOgr1mG8e5Z%2BiN3AMOldfvTJvTxMmjTh8M0MwoPN55TGzl8y%2BY3bEyL80VHy0A71NTfDXtga%2BrcYKqwJ3rbyJB5GIGA%2FLoL8EaizzTXdRfO8JQc1%2FZ50Qqno7W2tKAc6FYHey6%2FauV3LN%2BzFlCMOZCnCn78INAm0VzLhBkqQ2zbFfydo2lfB4lxx4IRnwC5oHHjiwVEkOMEVFYAh8jSqA2DMOBw0fTbilgi%2BA%2FGc%2BZOFVsHYWL9PNYyXAyohwmhpic1brxLIIsBKkOey8gg%3D%3D&checksum=2737594328219b457ff342b74e53a2c38efcac02d95d
Details about   CASIO Men Wrist Watch LED  Retro Digital  Unisex Classic New MULTICOLORE,$8.00,US,215,https://www.ebay.com/itm/CASIO-Men-Wrist-Watch-LED-Retro-Digital-Unisex-Classic-New-MULTICOLORE/383203553465?_trkparms=ispr%3D1&hash=item5938b630b9:m:m9JO-CIDQJBzXStPgpEFA9g&enc=AQAEAAACQBPxNw%2BVj6nta7CKEs3N0qWRhLY8qSR0FjRt8cqqoTp6U8uprNTb7SwoAPmDm8aUsfJlc1snbQLUoarqF2tWoEUcl%2B3FnR5lbQZzD81z3xzeobtlS7NR10QoKRG%2FlDCbRlDKQ09zn1GxPqlntAi%2BSoEWRCRB5%2BlzpiS149FRQUTtcE0BzVZFK25w5dgQSb1QQ0TD0HUbGb4%2B83Yyfqjj4GCDmqDgdj6hQMGZAD%2FqyVjiIkJ45x6wI4VcHywL27evXquhDdfwfXxfsqEznWcxwbfGnfjl19CxaQwkC125csrsXGl7Lmc3lM6dH8hIkvmCiNtpzycnb2o8eMum0no%2BMP53fyrRthwRW661Le4g9PQ1wKUxHrBpf7sC58qnZZVsHQEFkmWtIl%2FQI3jMQPxEM94rnMzl4eIJfavNCCI3xv4q8JDSoAJY95yPYqb5aBDY%2BPmk38tPOOdIILqVP7iCoStkqtTsBNBSyNKLHJ2IYjP4MD672MSRyP2Xb33Cy2xRMdFzZXCqnjVlFsqzLZRtBa5NXG%2FLCX6xFBgmnsiRxAT7WZSSkrTleUQd9TgNYghbBSqQeSsgZxCZxbkXyhsf7mkGw6QA4rShP8GBf%2FGvPcTJjlUiLAqFxSTthnGUNF8LlUcPjvN5Eggv5TOhaTAi7F7NRnxt8rcO8ROema6x3RO6%2BCEi3LqgmWpdbmCskVJoiYeRkLMMHl4VtjhgMNH7%2F9hi6jMqWzSohYAqqTASURTJC5PKG9LtIp6yMBFiJOSqRA%3D%3D&checksum=3832035534659b457ff342b74e53a2c38efcac02d95d&enc=AQAEAAACQBPxNw%2BVj6nta7CKEs3N0qWRhLY8qSR0FjRt8cqqoTp6U8uprNTb7SwoAPmDm8aUsfJlc1snbQLUoarqF2tWoEUcl%2B3FnR5lbQZzD81z3xzeobtlS7NR10QoKRG%2FlDCbRlDKQ09zn1GxPqlntAi%2BSoEWRCRB5%2BlzpiS149FRQUTtcE0BzVZFK25w5dgQSb1QQ0TD0HUbGb4%2B83Yyfqjj4GCDmqDgdj6hQMGZAD%2FqyVjiIkJ45x6wI4VcHywL27evXquhDdfwfXxfsqEznWcxwbfGnfjl19CxaQwkC125csrsXGl7Lmc3lM6dH8hIkvmCiNtpzycnb2o8eMum0no%2BMP53fyrRthwRW661Le4g9PQ1wKUxHrBpf7sC58qnZZVsHQEFkmWtIl%2FQI3jMQPxEM94rnMzl4eIJfavNCCI3xv4q8JDSoAJY95yPYqb5aBDY%2BPmk38tPOOdIILqVP7iCoStkqtTsBNBSyNKLHJ2IYjP4MD672MSRyP2Xb33Cy2xRMdFzZXCqnjVlFsqzLZRtBa5NXG%2FLCX6xFBgmnsiRxAT7WZSSkrTleUQd9TgNYghbBSqQeSsgZxCZxbkXyhsf7mkGw6QA4rShP8GBf%2FGvPcTJjlUiLAqFxSTthnGUNF8LlUcPjvN5Eggv5TOhaTAi7F7NRnxt8rcO8ROema6x3RO6%2BCEi3LqgmWpdbmCskVJoiYeRkLMMHl4VtjhgMNH7%2F9hi6jMqWzSohYAqqTASURTJC5PKG9LtIp6yMBFiJOSqRA%3D%3D&checksum=3832035534659b457ff342b74e53a2c38efcac02d95d
Details about   Casio Men's Watch G-Shock Grey & Black Ana-Digi Dial Black Strap GA100C-8A,$61.62,US,"1,580",https://www.ebay.com/itm/Casio-Mens-Watch-G-Shock-Grey-Black-Ana-Digi-Dial-Black-Strap-GA100C-8A/231948085978?epid=233490929&hash=item36012eeada:g:HT4AAOSwyJNdI1Ik
Details about   Curren Mens Waterproof Leather Army Military Chronograph Date Quartz Wrist Watch,$19.99,US,471,https://www.ebay.com/itm/Curren-Mens-Waterproof-Leather-Army-Military-Chronograph-Date-Quartz-Wrist-Watch/283180517902?hash=item41eedfca0e:m:miscUdciUDWLemb8JKyHT6w
Details about   NEW CASIO G-SHOCK GD100-1B BLACK RESIN DIGITAL MILITARY MENS WATCH NWT!!!,$56.00,US,148,https://www.ebay.com/itm/NEW-CASIO-G-SHOCK-GD100-1B-BLACK-RESIN-DIGITAL-MILITARY-MENS-WATCH-NWT/173875283041?epid=174046572&hash=item287bc64461:g:Ov4AAOSwv6Fbrjtq
Details about   Invicta Mens S1 Yakuza Dragon 24J Automatic 18K Matte Gold IP Brown Strap Watch,$74.99,US,,https://www.ebay.com/itm/Invicta-Mens-S1-Yakuza-Dragon-24J-Automatic-18K-Matte-Gold-IP-Brown-Strap-Watch/133205089493?epid=691246237&hash=item1f03a45cd5:g:wWYAAOSwCJxaF0iN:sc:USPSPriority!40291!US!-1
Details about   Citizen Quartz Men's Chronograph Multi Dial Two Tone 43mm Watch AN3624-51A,$74.99,US,,https://www.ebay.com/itm/Citizen-Quartz-Mens-Chronograph-Multi-Dial-Two-Tone-43mm-Watch-AN3624-51A/264476825044?epid=21028880157&hash=item3d940c15d4:g:DbsAAOSwzBBdipe-:sc:FedExHomeDelivery!40291!US!-1
Details about   Citizen Men's Eco-Drive Black Dial Silver-Tone Bracelet 43mm Watch AW0050-82E,$56.99,US,4,https://www.ebay.com/itm/Citizen-Mens-Eco-Drive-Black-Dial-Silver-Tone-Bracelet-43mm-Watch-AW0050-82E/264191727582?epid=2254328950&hash=item3d830dd7de:g:NZoAAOSw6o5cWc4T
Details about   Men's Army SHOCK Sport Quartz Wrist Day Date Digital Watch Waterproof Military,$9.99,US,"1,813",https://www.ebay.com/itm/Mens-Army-SHOCK-Sport-Quartz-Wrist-Day-Date-Digital-Watch-Waterproof-Military/303071012181?hash=item469070a555:m:mhxqxmrP855kKeQ9nXqONBg:sc:USPSFirstClass!40291!US!-1
Details about   Bulova Diamonds Men's 98D129 Quartz Black Dial Two-Tone Bracelet 44mm Watch,$119.99,US,92,https://www.ebay.com/itm/Bulova-Diamonds-Mens-98D129-Quartz-Black-Dial-Two-Tone-Bracelet-44mm-Watch/293108189592?hash=item443e9c0998:g:63IAAOSw9KhZ5iM6:sc:FedExHomeDelivery!40291!US!-1
Details about   Invicta Men's Watch Pro Diver Blue Dial Quartz Dive Silver Tone Bracelet 9204OB,$47.95,US,7,https://www.ebay.com/itm/Invicta-Mens-Watch-Pro-Diver-Blue-Dial-Quartz-Dive-Silver-Tone-Bracelet-9204OB/351524971482?epid=11009335735&hash=item51d88563da:g:ZcAAAOSwAUJdLEuC
Details about   Invicta Men's Pro Diver Scuba Gold-Tone 50mm - Choice of Color,$81.23,US,120,https://www.ebay.com/itm/Invicta-Mens-Pro-Diver-Scuba-Gold-Tone-50mm-Choice-of-Color/333271580550?epid=22031096078&hash=item4d9888bf86:m:mfVYjyePB8FWDzc4VUCYtgw
Details about   Bulova Men's 96A170 Automatic Skeleton Black Dial Silver-Tone Band 43mm Watch,$119.99,US,68,https://www.ebay.com/itm/Bulova-Mens-96A170-Automatic-Skeleton-Black-Dial-Silver-Tone-Band-43mm-Watch/113860261365?hash=item1a8299b5f5:g:VeEAAOSwigpc-rNN:sc:FedExHomeDelivery!40291!US!-1
Details about   Casio Men's Watch G-Shock Multi-Band 6 Tough Solar Black Strap GWM5610-1,$84.21,US,2,https://www.ebay.com/itm/Casio-Mens-Watch-G-Shock-Multi-Band-6-Tough-Solar-Black-Strap-GWM5610-1/351601041627?epid=5031096577&hash=item51dd0e20db:g:QF8AAOSwTC1dI1IA
Details about   Invicta Men's Pro Diver Scuba 3.0 Blue Chronograph Dial 18K Gold Plated SS Watch,$92.95/ea,US,103,https://www.ebay.com/itm/Invicta-Mens-Pro-Diver-Scuba-3-0-Blue-Chronograph-Dial-18K-Gold-Plated-SS-Watch/133114133621?epid=20033524071&hash=item1efe387c75:g:dJoAAOSwCwxdLlWf:sc:USPSPriorityMailPaddedFlatRateEnvelope!40291!US!-1
Details about   Bulova Men's 98C60 Quartz Champagne Dial Two-Tone Bracelet 36mm Watch,$45.99,US,280,https://www.ebay.com/itm/Bulova-Mens-98C60-Quartz-Champagne-Dial-Two-Tone-Bracelet-36mm-Watch/113225467395?hash=item1a5cc38603:g:2J0AAOSwBFpbhG0d
Details about   Citizen Eco-Drive Men's Super Titanium Calendar 44mm Bracelet Watch AW0060-54A,$94.99,US,158,https://www.ebay.com/itm/Citizen-Eco-Drive-Mens-Super-Titanium-Calendar-44mm-Bracelet-Watch-AW0060-54A/303251419999?epid=2305238701&hash=item469b31735f:g:0RcAAOSwti1dVvIT:sc:FedExHomeDelivery!40291!US!-1
Details about   Citizen Eco Drive CTO Men's BM6995-19E Orange Accents Black Dial 42mm Watch,$54.99,US,240,https://www.ebay.com/itm/Citizen-Eco-Drive-CTO-Mens-BM6995-19E-Orange-Accents-Black-Dial-42mm-Watch/263935414873?epid=2255011258&hash=item3d73c6d259:g:hWIAAOSwf2pbmoAz
Details about   Mens Invicta Pro Diver Scuba 18kt Gold Plated Chronograph Green 48mm Watch New,$119.99,US,953,https://www.ebay.com/itm/Mens-Invicta-Pro-Diver-Scuba-18kt-Gold-Plated-Chronograph-Green-48mm-Watch-New/272837289313?hash=item3f865ea561:g:IfUAAOSw4HVWEa5k
Details about   Citizen Eco-Drive Axiom Men's Black Dial Gold-Tone 40mm Watch AU1062-56E,$79.99,US,778,https://www.ebay.com/itm/Citizen-Eco-Drive-Axiom-Mens-Black-Dial-Gold-Tone-40mm-Watch-AU1062-56E/263936970016?hash=item3d73de8d20:g:ThEAAOSwtaRa6Mzj
Details about   Invicta 24694 Men's Pro Diver 47mm Mechanical Black Dial Watch,$74.98,US,39,https://www.ebay.com/itm/Invicta-24694-Mens-Pro-Diver-47mm-Mechanical-Black-Dial-Watch/333317087640?epid=26035051293&hash=item4d9b3f2198:g:C5gAAOSwS8tdTbsQ
Details about   New Casio G-Shock Tough Solar Analog Digital 200m GAS-100B-1A2 Men's Watch,$74.97,US,,https://www.ebay.com/itm/New-Casio-G-Shock-Tough-Solar-Analog-Digital-200m-GAS-100B-1A2-Mens-Watch/192857414262?epid=21019580391&hash=item2ce7329a76:g:FcgAAOSww9BcinM-
Details about   Invicta Men's Watch Pro Diver Automatic Two Tone Stainless Steel Bracelet 8928OB,$78.72,US,"1,306",https://www.ebay.com/itm/Invicta-Mens-Watch-Pro-Diver-Automatic-Two-Tone-Stainless-Steel-Bracelet-8928OB/231404097975?epid=25026719596&hash=item35e0c251b7:g:2dQAAOSwLpRdLEfi
Details about   Kenneth Cole Unlisted Mens Stainless Steel Watch UL 77612,$26.95,US,579,https://www.ebay.com/itm/Kenneth-Cole-Unlisted-Mens-Stainless-Steel-Watch-UL-77612/273049037154?_trkparms=ispr%3D1&hash=item3f92fda962:g:fDwAAOSwKtlWtjSn&enc=AQAEAAACQBPxNw%2BVj6nta7CKEs3N0qWHXGJx0PCLIsBiVACulgpLKF4D2Pmws%2BnxojZ1LUtOSwtAmwJz7jNh61CY5AAQm2UuABbrKospn%2FIS%2BqsbCLQq2b6ucXcHDB%2BwcHX8EOMXMZ73HMoVHrlWOIYn5wjmbA2B6J13lFMTs6PIguogapqaUCe9XOtvp8LNBnedIrN800Bc7dAEXenFJGGbDD6wHk%2F3uAyAQj4xn2ip5YwxOvR6NgRGSu%2BOsGaxER7GFiUMsgS%2Bqe4h5l5%2FbBoWzk2uGjBRhu8QwlI%2F%2FO5J9oF6zQonZ8Sn6Nst9aP5G3V27GoLvC%2BUOV45fM8iXuMk0hTmYc9nkarYGD%2FDYxXJoQhdQEA6wl1v%2F6ZucfrIWu8Ay8IICE9G5okW3qZUh6Hubm%2FJ51Uh%2BH7eGZfwWAVPpH9C%2FBk07NaplXzcig4TxSJXSzcjpJCzVvsLGgw5jdKXO3yNfzD3OhayFjHwuyEpTr8w0yPwihN6S%2BZ52G7hhXPbjZyTyadP%2FBgbrNxOE%2FkLL7PiAhtaxNfyD0YM9PMIcr6CDxfIh6UMZkX3JAAiSjLqU%2B7zmfhdxpicxQqosCl%2FMA%2BZyyQDHw3O1aqM1mQ7FG07U9bsauoxoRbBU4RHJeIbLsMH%2Ff7%2BlY8SjqsL42H5NMidgluYHTMzIdcGtErgvsborLMYFbrUM2Txv8OCRePDmLM7697PaPfii5bxMtLpObNF0qc4hqh%2Ft8HgnPJgETmAU%2F39JkEqixVYuynj1kYCRY%2BhoQ%3D%3D&checksum=2730490371549b457ff342b74e53a2c38efcac02d95d&enc=AQAEAAACQBPxNw%2BVj6nta7CKEs3N0qWHXGJx0PCLIsBiVACulgpLKF4D2Pmws%2BnxojZ1LUtOSwtAmwJz7jNh61CY5AAQm2UuABbrKospn%2FIS%2BqsbCLQq2b6ucXcHDB%2BwcHX8EOMXMZ73HMoVHrlWOIYn5wjmbA2B6J13lFMTs6PIguogapqaUCe9XOtvp8LNBnedIrN800Bc7dAEXenFJGGbDD6wHk%2F3uAyAQj4xn2ip5YwxOvR6NgRGSu%2BOsGaxER7GFiUMsgS%2Bqe4h5l5%2FbBoWzk2uGjBRhu8QwlI%2F%2FO5J9oF6zQonZ8Sn6Nst9aP5G3V27GoLvC%2BUOV45fM8iXuMk0hTmYc9nkarYGD%2FDYxXJoQhdQEA6wl1v%2F6ZucfrIWu8Ay8IICE9G5okW3qZUh6Hubm%2FJ51Uh%2BH7eGZfwWAVPpH9C%2FBk07NaplXzcig4TxSJXSzcjpJCzVvsLGgw5jdKXO3yNfzD3OhayFjHwuyEpTr8w0yPwihN6S%2BZ52G7hhXPbjZyTyadP%2FBgbrNxOE%2FkLL7PiAhtaxNfyD0YM9PMIcr6CDxfIh6UMZkX3JAAiSjLqU%2B7zmfhdxpicxQqosCl%2FMA%2BZyyQDHw3O1aqM1mQ7FG07U9bsauoxoRbBU4RHJeIbLsMH%2Ff7%2BlY8SjqsL42H5NMidgluYHTMzIdcGtErgvsborLMYFbrUM2Txv8OCRePDmLM7697PaPfii5bxMtLpObNF0qc4hqh%2Ft8HgnPJgETmAU%2F39JkEqixVYuynj1kYCRY%2BhoQ%3D%3D&checksum=2730490371549b457ff342b74e53a2c38efcac02d95d
Details about   INFANTRY Men's Military Army Sports Quartz Date Luminous Wrist Watch Nylon Strap,$8.99/ea,US,"3,291",https://www.ebay.com/itm/INFANTRY-Mens-Military-Army-Sports-Quartz-Date-Luminous-Wrist-Watch-Nylon-Strap/172173839315?_trkparms=ispr%3D1&hash=item28165c4bd3:m:m1-1AIAX3MVyjdmJkmpQ_5A:sc:USPSFirstClass!40291!US!-1&enc=AQAEAAACQBPxNw%2BVj6nta7CKEs3N0qXikMz9%2BXEzlBbnoPRv6ON%2BHlHQC7ND5ym8yZ43XeTCH0jCa5HTGKvhqOXIPtfz44dbmtR3fjVq7MIuWBmxiYlCcuh3PpTZAktEh1oVw1AD70dYf2Z%2B3%2FueSGPY8yo9urH9RhOBaRPExG17O9vrQLxNTO%2BvTOMUUynlmgrL0LU4qWiLArX%2FhdUEFZ%2FBZC%2FmyK%2B71dG4murhNz0ETD3r8cpHATFFyz4slEN0%2BchaCHdpjM2o%2FuYY52j69EwicsDjmHBdK86DXek36MTkkHfT%2FvtZngmekcKumsasXoPzHYhIW8yu12hkj9%2FmTHrM2iAyD0086RnaXsRikneIiQuwcFv0jSpjAv%2Bx0caDjJLb2DRJ3F1bNGX2RGWfu2RtinunMaC5uSQbA0cjBR8hh2IxOJ2VaUuqQIw6oZclZ7QHVhpLTfm%2FH10Rd82c6oo2apnhrnw%2FRVeTfzu%2BYadELqMDqivrVAMgkjDy19kraC1WHE2WcXbxQ1HHbvLsAS5%2FWygNwntCC67%2FvdM92FHXt%2FUVVoYsEokQk%2BEvXcdTh8Mb5XFPPgvd1e2PLk3dFCjt9t4L9EHHdf%2BIOl94ZAZY5stZ%2F2dVKNItaOpe85w7KT1BNiL3%2FhNTVq1fk%2FUN4lNtcseqHOaZKErAe8hXKrouKm%2Baf%2FwQCYpw44g2z7hqRIKSiiMcR54zH3LcAQFH3LYhN4n%2FXCIvNi86O16sq4tajIfynKiyft510%2BTpYKq5fgz2RKAW2w%3D%3D&checksum=1721738393159b457ff342b74e53a2c38efcac02d95d&enc=AQAEAAACQBPxNw%2BVj6nta7CKEs3N0qXikMz9%2BXEzlBbnoPRv6ON%2BHlHQC7ND5ym8yZ43XeTCH0jCa5HTGKvhqOXIPtfz44dbmtR3fjVq7MIuWBmxiYlCcuh3PpTZAktEh1oVw1AD70dYf2Z%2B3%2FueSGPY8yo9urH9RhOBaRPExG17O9vrQLxNTO%2BvTOMUUynlmgrL0LU4qWiLArX%2FhdUEFZ%2FBZC%2FmyK%2B71dG4murhNz0ETD3r8cpHATFFyz4slEN0%2BchaCHdpjM2o%2FuYY52j69EwicsDjmHBdK86DXek36MTkkHfT%2FvtZngmekcKumsasXoPzHYhIW8yu12hkj9%2FmTHrM2iAyD0086RnaXsRikneIiQuwcFv0jSpjAv%2Bx0caDjJLb2DRJ3F1bNGX2RGWfu2RtinunMaC5uSQbA0cjBR8hh2IxOJ2VaUuqQIw6oZclZ7QHVhpLTfm%2FH10Rd82c6oo2apnhrnw%2FRVeTfzu%2BYadELqMDqivrVAMgkjDy19kraC1WHE2WcXbxQ1HHbvLsAS5%2FWygNwntCC67%2FvdM92FHXt%2FUVVoYsEokQk%2BEvXcdTh8Mb5XFPPgvd1e2PLk3dFCjt9t4L9EHHdf%2BIOl94ZAZY5stZ%2F2dVKNItaOpe85w7KT1BNiL3%2FhNTVq1fk%2FUN4lNtcseqHOaZKErAe8hXKrouKm%2Baf%2FwQCYpw44g2z7hqRIKSiiMcR54zH3LcAQFH3LYhN4n%2FXCIvNi86O16sq4tajIfynKiyft510%2BTpYKq5fgz2RKAW2w%3D%3D&checksum=1721738393159b457ff342b74e53a2c38efcac02d95d
Details about   Men's Fashion Luxury Watch Stainless Steel Band Sport Analog Quartz Wristwatches,$12.99/ea,US,"1,550",https://www.ebay.com/itm/Mens-Fashion-Luxury-Watch-Stainless-Steel-Band-Sport-Analog-Quartz-Wristwatches/291811439713?_trkparms=ispr%3D1&hash=item43f1513461:m:mkSaGlxO_zwvsagujI2vQpQ&enc=AQAEAAACQBPxNw%2BVj6nta7CKEs3N0qUC7uJTjA0ZAK627dcmYhHYnNXp7c1j0o6LFLfF%2BHj0DO3ULTg4kuoNAGm42qW7E8ZcHI7ERQH78lhJ0rC8hdLHe9rtQGZRgj3ZO6HbzQB4eGX%2B4pEXVZhZurpQXDyVzvgVNkcBpON3WXFxUg99htjRSPlviDXOjahRUKq%2FB5a4y6LbGq2%2FS%2BbnHZsivLYSfNEGFsU%2BwU7hgLOipYV6CRRT%2B2Rp7gUqkApZ1iPcLdLtBhBKXMCoXiwD7ElANs28EY6cl%2Buw0HqruBkL4cLypr9Na5gMW1IIor2OGLJfbdm3sut1ebp8DoVXYdpa5TxFqVzvRdMd1gFDNiGwj22U323E7gq9ZBWVi1%2B30mfUM54LPKdtlFHUql9Yy%2FNcQ%2FUi1oOmDTSXXUTUdQcQyh88UBmQSNfKOaWfGCCdDF0OzzjAooOJuInj4RluEtBd7SN%2BxIa5M89LCNjn9PM93vp9vhEWN%2BLDFECY1fKT%2FJm6%2B6%2F7f%2FQXx2b9L4KbxbxrCPvQXsyjBBeT%2FwoOK7dHR4k9Wk2elFwFQGiUMDnhU2slnQzf5RInchOL3FWxTkWGJkA4sPMdhTAuqJhgazqJvJ63M7Ro0h4Zo5%2B5dO6bbngu2e2O00dYgHpPiOqeZJnVIcUlrgyonBvm8f0Zjk5JsBpJeFZGHD3P9c5Zerp%2BzzEQKjIoR5om1CFkYdFC8RQDnRFu0hi5wj8w2dluj1YKfoGpt%2F%2FYxGQfDhta97PznUBngywnpg%3D%3D&checksum=291811439713cc9dd2e304b84f4390c820d5b6fe40a3&enc=AQAEAAACQBPxNw%2BVj6nta7CKEs3N0qUC7uJTjA0ZAK627dcmYhHYnNXp7c1j0o6LFLfF%2BHj0DO3ULTg4kuoNAGm42qW7E8ZcHI7ERQH78lhJ0rC8hdLHe9rtQGZRgj3ZO6HbzQB4eGX%2B4pEXVZhZurpQXDyVzvgVNkcBpON3WXFxUg99htjRSPlviDXOjahRUKq%2FB5a4y6LbGq2%2FS%2BbnHZsivLYSfNEGFsU%2BwU7hgLOipYV6CRRT%2B2Rp7gUqkApZ1iPcLdLtBhBKXMCoXiwD7ElANs28EY6cl%2Buw0HqruBkL4cLypr9Na5gMW1IIor2OGLJfbdm3sut1ebp8DoVXYdpa5TxFqVzvRdMd1gFDNiGwj22U323E7gq9ZBWVi1%2B30mfUM54LPKdtlFHUql9Yy%2FNcQ%2FUi1oOmDTSXXUTUdQcQyh88UBmQSNfKOaWfGCCdDF0OzzjAooOJuInj4RluEtBd7SN%2BxIa5M89LCNjn9PM93vp9vhEWN%2BLDFECY1fKT%2FJm6%2B6%2F7f%2FQXx2b9L4KbxbxrCPvQXsyjBBeT%2FwoOK7dHR4k9Wk2elFwFQGiUMDnhU2slnQzf5RInchOL3FWxTkWGJkA4sPMdhTAuqJhgazqJvJ63M7Ro0h4Zo5%2B5dO6bbngu2e2O00dYgHpPiOqeZJnVIcUlrgyonBvm8f0Zjk5JsBpJeFZGHD3P9c5Zerp%2BzzEQKjIoR5om1CFkYdFC8RQDnRFu0hi5wj8w2dluj1YKfoGpt%2F%2FYxGQfDhta97PznUBngywnpg%3D%3D&checksum=291811439713cc9dd2e304b84f4390c820d5b6fe40a3
Details about   Luxury Mens Stainless Steel Gold Tone Skeleton Automatic Mechanical Wrist Watch,$21.99/ea,US,"1,444",https://www.ebay.com/itm/Luxury-Mens-Stainless-Steel-Gold-Tone-Skeleton-Automatic-Mechanical-Wrist-Watch/292563147033?_trkparms=ispr%3D1&hash=item441e1f5919:g:Nx8AAOSwk9pdZO1q&enc=AQAEAAACQBPxNw%2BVj6nta7CKEs3N0qVe5sMjk9uDwr2szatij%2FYrxVjpdMlD%2BG9q8znMSZihvJ4nAe7fxl6QzSa8x78QkNGviwLNHI92O6%2FkmduDt8vZ5K5hMfIjVekfZTATwMVezhhH3lzbtXrW631lEflp146LUmQ8KP35HaSr0ZzksjvkNPhahCkj8Cf7qdFwaSsjOZQFNKFkfhEBWgRec7vixzn9HPMViXKfK5slBdYTb2QcDaDQ4bai4f89uyjcbrgOTxkqLmM9L7uffMPg4GwHKQdE9YBI%2FuvwQgKPDKyOqDSS67n6QRDm0kRPzuACG2PCM62EuveifLGjy%2FjmhC9mBqljHAjkxuIEcJFUSHnR8nbJuiCOCJwIcfyNiWxmeY4teN6du1JawzCN5gXNXDTakhOZUQR8KEZ8G7mbcmaQJSc2BiuFwvKB6rof%2FWODo5rp63kJpwodN4qI8DgL8gVWD1W5R4QF02RKnbGY%2FzQ2wUrghJnn%2BPppaRG9k8tKT0FntRaMEnXmuWR2jCrmSWA5rbyTSlHu9HBWU7IKBlW2Yolu5oYD0%2FWplTCN92BdDwbCsNWlqAFxQXwu0K3p7Mv%2BuzMXrZjZX1HPli7tyiuIBkPZDzN5UiTp9GaugjpDnbOyEtscaCxfDakXkfisS2V2uHyiUT1BKJYDJT1zKym84GGAhKMUC7wv6RKqbB72jeUumGh3cqU0U3JEyChZfxrQCkjHThOIrgaLP5d4Y7oO7CGR4zdTrrqk1ucF57GIHChruQ%3D%3D&checksum=292563147033cc9dd2e304b84f4390c820d5b6fe40a3&enc=AQAEAAACQBPxNw%2BVj6nta7CKEs3N0qVe5sMjk9uDwr2szatij%2FYrxVjpdMlD%2BG9q8znMSZihvJ4nAe7fxl6QzSa8x78QkNGviwLNHI92O6%2FkmduDt8vZ5K5hMfIjVekfZTATwMVezhhH3lzbtXrW631lEflp146LUmQ8KP35HaSr0ZzksjvkNPhahCkj8Cf7qdFwaSsjOZQFNKFkfhEBWgRec7vixzn9HPMViXKfK5slBdYTb2QcDaDQ4bai4f89uyjcbrgOTxkqLmM9L7uffMPg4GwHKQdE9YBI%2FuvwQgKPDKyOqDSS67n6QRDm0kRPzuACG2PCM62EuveifLGjy%2FjmhC9mBqljHAjkxuIEcJFUSHnR8nbJuiCOCJwIcfyNiWxmeY4teN6du1JawzCN5gXNXDTakhOZUQR8KEZ8G7mbcmaQJSc2BiuFwvKB6rof%2FWODo5rp63kJpwodN4qI8DgL8gVWD1W5R4QF02RKnbGY%2FzQ2wUrghJnn%2BPppaRG9k8tKT0FntRaMEnXmuWR2jCrmSWA5rbyTSlHu9HBWU7IKBlW2Yolu5oYD0%2FWplTCN92BdDwbCsNWlqAFxQXwu0K3p7Mv%2BuzMXrZjZX1HPli7tyiuIBkPZDzN5UiTp9GaugjpDnbOyEtscaCxfDakXkfisS2V2uHyiUT1BKJYDJT1zKym84GGAhKMUC7wv6RKqbB72jeUumGh3cqU0U3JEyChZfxrQCkjHThOIrgaLP5d4Y7oO7CGR4zdTrrqk1ucF57GIHChruQ%3D%3D&checksum=292563147033cc9dd2e304b84f4390c820d5b6fe40a3
Details about   Skeleton Dial Automatic Mechanical Watch Men's Stainless Steel Band Wrist Watch,$19.99/ea,US,684,https://www.ebay.com/itm/Skeleton-Dial-Automatic-Mechanical-Watch-Mens-Stainless-Steel-Band-Wrist-Watch/273571311731?_trkparms=ispr%3D1&hash=item3fb21ef073:g:oMAAAOSwZW5Z~S7t&enc=AQAEAAACQBPxNw%2BVj6nta7CKEs3N0qXsYaNGrmaPVblUqjCNqmlqKl1UPS2gfp0SuuY%2FSbARDTywT2fWOPKBhHacKNp685rCTnfZmiGlMgAklNcgGnhi8HB0%2FLp9Bqep%2FlnYjMBnTDtmDnPEcgdJBbHfG6VrAeHG3dPOFMOvYAyFsjaJXOmxFR5KOFYJPIRO5M3RBHkoZcVqUpCQxoWS1y1tRdSgFIq06x7%2BJTJj7%2FlqhhfioglWlklMxuNxvssXlSjMphMbLkg%2FylWwJmYgSJlrAZ2labKclYgmo20%2BEjEjQ7IoX%2Bsu8LBQJThC58Zu9FofmtyfI20TL7%2FEc8x9K0lAJUdxEPZNwiHdZxuFhw0NdyYNpOPhNesuRS5Wq%2BwwobL10atDPMn0nCbsmNm3nrUAiUNb0yxDKygP1pAL%2BTRIviUBVo%2BaKX0EjiV%2B8Onr8ZQj6vBsUydMQvfK6ae3kov16Yn8XIcBI6cxNymjLiad%2B5ED2UCJK6kOmwCOf9Ni7EKrMoAa5xZJGSqLwM7lw3gxauITD03SUqGig1%2BuW%2BWea4OubC4s6DF6dIjRjomo7B%2F16sx41%2FmFP9nuOk9igOv9q8IAxg0SR9KlrrHRhEcBLMqw42cgEx52VEFG4lsqEGGrM%2FNwXF1%2BMzhsGfBwJ9rSQoR9gpj7L04XA2HgsLUO96libBykFvvwyQAY%2F4N0%2F9IhScTpwWt9Gps1vTtAOGqywI0iWIqPt9lJM5le%2FNhwLO4%2BX5l3WXn%2FOmBTjT6K%2FmebMzC5Bg%3D%3D&checksum=273571311731cc9dd2e304b84f4390c820d5b6fe40a3&enc=AQAEAAACQBPxNw%2BVj6nta7CKEs3N0qXsYaNGrmaPVblUqjCNqmlqKl1UPS2gfp0SuuY%2FSbARDTywT2fWOPKBhHacKNp685rCTnfZmiGlMgAklNcgGnhi8HB0%2FLp9Bqep%2FlnYjMBnTDtmDnPEcgdJBbHfG6VrAeHG3dPOFMOvYAyFsjaJXOmxFR5KOFYJPIRO5M3RBHkoZcVqUpCQxoWS1y1tRdSgFIq06x7%2BJTJj7%2FlqhhfioglWlklMxuNxvssXlSjMphMbLkg%2FylWwJmYgSJlrAZ2labKclYgmo20%2BEjEjQ7IoX%2Bsu8LBQJThC58Zu9FofmtyfI20TL7%2FEc8x9K0lAJUdxEPZNwiHdZxuFhw0NdyYNpOPhNesuRS5Wq%2BwwobL10atDPMn0nCbsmNm3nrUAiUNb0yxDKygP1pAL%2BTRIviUBVo%2BaKX0EjiV%2B8Onr8ZQj6vBsUydMQvfK6ae3kov16Yn8XIcBI6cxNymjLiad%2B5ED2UCJK6kOmwCOf9Ni7EKrMoAa5xZJGSqLwM7lw3gxauITD03SUqGig1%2BuW%2BWea4OubC4s6DF6dIjRjomo7B%2F16sx41%2FmFP9nuOk9igOv9q8IAxg0SR9KlrrHRhEcBLMqw42cgEx52VEFG4lsqEGGrM%2FNwXF1%2BMzhsGfBwJ9rSQoR9gpj7L04XA2HgsLUO96libBykFvvwyQAY%2F4N0%2F9IhScTpwWt9Gps1vTtAOGqywI0iWIqPt9lJM5le%2FNhwLO4%2BX5l3WXn%2FOmBTjT6K%2FmebMzC5Bg%3D%3D&checksum=273571311731cc9dd2e304b84f4390c820d5b6fe40a3
Details about   Casio Men's Quartz Multifunction Silver-Tone Bracelet 42mm Watch AE1200WHD-1A,$23.91,US,759,https://www.ebay.com/itm/Casio-Mens-Quartz-Multifunction-Silver-Tone-Bracelet-42mm-Watch-AE1200WHD-1A/183480552462?epid=11032705159&_trkparms=ispr%3D1&hash=item2ab84b0c0e:g:LmoAAOSwBgpbvo7g&enc=AQAEAAACQBPxNw%2BVj6nta7CKEs3N0qUeRJ89QtLnJ%2Ff60ESXlVlsgDHbe6la1vVoLKON01vU96uc35vBOQe2DkkubZ2q39GWSDwRCiG91WcGQ2B9mi1rUFjm9MqVgaEKdpiANgBf8h2ai%2FLAMJxA7Qw5uJ%2BLDGCEeDaPG2N5f8TANy4Y4UudXmG5KxkP%2FepIKdrsxizwat7YsnvoIfZe9chgAP%2BEnwYtSforP2CO1%2FHQcxxKhbIgJLA9ZrABp912d4YatI%2BgxuA5P7PyAlRHvUGSuUdStLwfX%2BB5glHa%2FIFCkfrXR59iG4AXOXL%2F4HQf4PV6OGV096pUoyOD8e3mmtvseB5khNbO2ir5th9kO5biedwmFynrhrhDEH1aXFbDR5gcYygebKPjDMxe%2BMiWsrqMTOWx3oat58MBaa5BpECtLgOqlQKz35GjMPWyeGzjkZHqZxkFfi8ucSqB%2FL57nBgDgXqI%2BQa9UurzF8%2B7uvBlxCl4BYDS5lyhDupl8tzto6MbdPESaS0efNHyRfOS1elCwBu0t2P2ycdSt1i7Iba4xS7afAmVrXV%2B1J1EiiIT07gghoZhU6VRXPgUZLx1utMoxnbkA3Q5gyWkJJ8R5Zo8skIV8a5nQE3Z8WOrUUsqgy%2BkP24IHQGAHgzX97dKwjmRtLc5rx5mdSWG1ZqhdlpHa3H2MM%2FeKBdvV%2BowBJoGx6ig826p8m3%2FvCRLIScIaET3w%2FlVOSCspozhAfxsmilCHH51msPZKvFpVboKwnstLWljgjXZLA%3D%3D&checksum=183480552462cc9dd2e304b84f4390c820d5b6fe40a3&enc=AQAEAAACQBPxNw%2BVj6nta7CKEs3N0qUeRJ89QtLnJ%2Ff60ESXlVlsgDHbe6la1vVoLKON01vU96uc35vBOQe2DkkubZ2q39GWSDwRCiG91WcGQ2B9mi1rUFjm9MqVgaEKdpiANgBf8h2ai%2FLAMJxA7Qw5uJ%2BLDGCEeDaPG2N5f8TANy4Y4UudXmG5KxkP%2FepIKdrsxizwat7YsnvoIfZe9chgAP%2BEnwYtSforP2CO1%2FHQcxxKhbIgJLA9ZrABp912d4YatI%2BgxuA5P7PyAlRHvUGSuUdStLwfX%2BB5glHa%2FIFCkfrXR59iG4AXOXL%2F4HQf4PV6OGV096pUoyOD8e3mmtvseB5khNbO2ir5th9kO5biedwmFynrhrhDEH1aXFbDR5gcYygebKPjDMxe%2BMiWsrqMTOWx3oat58MBaa5BpECtLgOqlQKz35GjMPWyeGzjkZHqZxkFfi8ucSqB%2FL57nBgDgXqI%2BQa9UurzF8%2B7uvBlxCl4BYDS5lyhDupl8tzto6MbdPESaS0efNHyRfOS1elCwBu0t2P2ycdSt1i7Iba4xS7afAmVrXV%2B1J1EiiIT07gghoZhU6VRXPgUZLx1utMoxnbkA3Q5gyWkJJ8R5Zo8skIV8a5nQE3Z8WOrUUsqgy%2BkP24IHQGAHgzX97dKwjmRtLc5rx5mdSWG1ZqhdlpHa3H2MM%2FeKBdvV%2BowBJoGx6ig826p8m3%2FvCRLIScIaET3w%2FlVOSCspozhAfxsmilCHH51msPZKvFpVboKwnstLWljgjXZLA%3D%3D&checksum=183480552462cc9dd2e304b84f4390c820d5b6fe40a3
Details about   Casio G-shock Men's Black Out Series Analog Digital watch G100BB-1A,$61.07,US,,https://www.ebay.com/itm/Casio-G-shock-Mens-Black-Out-Series-Analog-Digital-watch-G100BB-1A/232811726486?epid=25028305797&_trkparms=ispr%3D1&hash=item3634a90696:g:DcEAAOSwtNFbKQxP&enc=AQAEAAACQBPxNw%2BVj6nta7CKEs3N0qXdZs%2F0FliTDYBekfGZzp2EohPWt2%2FOG4Mt6%2BeovA9c1l4Pv%2Fus98iLEPH0Uz8YiXFg9Gkp9VkXUQzWi4keCcIYlbid2GWWQxcXPz2RAGvYamTmhOgB0xwoUoWzG13tmanidMx%2B%2BS%2B3PBshk6wm5DMwR6dVBUwK2BlskeDjxK%2B76jDFkAd2Nwvq8Y4NM931H%2FfWVsTO%2Fa9HmG%2FXHY5ZRQIP0K4kIPk3Coc8wWC6w9xjbXQD5BL366kZQSqpPYd5ctjYcS%2FI5Qar85vy6S7jhLo0oICm3TXHFalvAnVuUvafrE%2B47T1R%2FzW39pStWC%2BepHG2caLDYQz8JEzFHn5HpOw1%2Fiutt6q9F%2FVCV6LsJN2BQkUtwwXKlONzEgCgrmHOgtIlPULkCt1Ph1Uu9j6Hi9V%2B6%2FmKbNgx4HhHGsSuAt0qe%2FZELyjeiyV99iQpNggr1P6B7Ncly9a%2BByokih0Db9sfU452lPK51AtBOBIdLyUKd9dFNUrGIbIBG%2FmAKOHv3NbshRpMaHuo3V5dDY52FHJgA%2BxI4yFGbrPjBN105iYEBfQn9%2BzlhEAv8hNmQ4puDEw52eKvUW1CC6PPKS1ziFrSDGXpGwWQd%2BawDcqygUM1m8cY7aXt8q3jRGTzNj6eNDXYBuOKRtwQ%2FE1GJ57sXSHwNnMI9Kz7DDmObaRIue3Pne7n7v3p9lugoD7FUPoID1ZrWcKLAaVgZA4P8hzBpCocy6wA7P75EZhiigR8zOG7Lw%3D%3D&checksum=232811726486cc9dd2e304b84f4390c820d5b6fe40a3&enc=AQAEAAACQBPxNw%2BVj6nta7CKEs3N0qXdZs%2F0FliTDYBekfGZzp2EohPWt2%2FOG4Mt6%2BeovA9c1l4Pv%2Fus98iLEPH0Uz8YiXFg9Gkp9VkXUQzWi4keCcIYlbid2GWWQxcXPz2RAGvYamTmhOgB0xwoUoWzG13tmanidMx%2B%2BS%2B3PBshk6wm5DMwR6dVBUwK2BlskeDjxK%2B76jDFkAd2Nwvq8Y4NM931H%2FfWVsTO%2Fa9HmG%2FXHY5ZRQIP0K4kIPk3Coc8wWC6w9xjbXQD5BL366kZQSqpPYd5ctjYcS%2FI5Qar85vy6S7jhLo0oICm3TXHFalvAnVuUvafrE%2B47T1R%2FzW39pStWC%2BepHG2caLDYQz8JEzFHn5HpOw1%2Fiutt6q9F%2FVCV6LsJN2BQkUtwwXKlONzEgCgrmHOgtIlPULkCt1Ph1Uu9j6Hi9V%2B6%2FmKbNgx4HhHGsSuAt0qe%2FZELyjeiyV99iQpNggr1P6B7Ncly9a%2BByokih0Db9sfU452lPK51AtBOBIdLyUKd9dFNUrGIbIBG%2FmAKOHv3NbshRpMaHuo3V5dDY52FHJgA%2BxI4yFGbrPjBN105iYEBfQn9%2BzlhEAv8hNmQ4puDEw52eKvUW1CC6PPKS1ziFrSDGXpGwWQd%2BawDcqygUM1m8cY7aXt8q3jRGTzNj6eNDXYBuOKRtwQ%2FE1GJ57sXSHwNnMI9Kz7DDmObaRIue3Pne7n7v3p9lugoD7FUPoID1ZrWcKLAaVgZA4P8hzBpCocy6wA7P75EZhiigR8zOG7Lw%3D%3D&checksum=232811726486cc9dd2e304b84f4390c820d5b6fe40a3
Details about   NEW Invicta Mens 18K Gold Plated Stainless Steel Golden Dial Chronograph Watch!!,$65.95,US,,https://www.ebay.com/itm/NEW-Invicta-Mens-18K-Gold-Plated-Stainless-Steel-Golden-Dial-Chronograph-Watch/362496791820?hash=item54667e150c:g:UP4AAOSwl39bY9b7:sc:USPSPriority!40291!US!-1
Details about   Invicta Men's Pro Diver Stainless Steel 43mm Quartz Watch 30609-30618,$45.99,US,185,https://www.ebay.com/itm/Invicta-Mens-Pro-Diver-Stainless-Steel-43mm-Quartz-Watch-30609-30618/133224249944?hash=item1f04c8ba58:m:m1FawEVJHqtxtSfuVnMJntw
Details about   Invicta Men's 50mm Pro Diver SCUBA Chrono Blue Fiber Glass Gold Tone 2Tone Watch,$79.79,US,,https://www.ebay.com/itm/Invicta-Mens-50mm-Pro-Diver-SCUBA-Chrono-Blue-Fiber-Glass-Gold-Tone-2Tone-Watch/303024882962?epid=25032156926&hash=item468db0c512:g:X08AAOSwq6VcNss7
Details about   Casio G-Shock Digital Anti-Magnetic Black Mens Watch GA110GB-1A,$69.99,US,291,https://www.ebay.com/itm/Casio-G-Shock-Digital-Anti-Magnetic-Black-Mens-Watch-GA110GB-1A/254255393571?epid=144489797&hash=item3b32cd6b23:g:sVoAAOSwOolc9RjD
Details about   Bulova Precisionist Men's Quartz Chronograph Silver-Tone Bracelet Watch 96B175,$229.99,US,583,https://www.ebay.com/itm/Bulova-Precisionist-Mens-Quartz-Chronograph-Silver-Tone-Bracelet-Watch-96B175/302947155184?epid=219528690&hash=item46890ebcf0:g:sDIAAOSweX5b2dKT:sc:FedExHomeDelivery!40291!US!-1
Details about   Invicta Men's 48mm Scuba Pro Diver Chronograph ABALONE Dial Gold Tone SS Watch,$84.99,US,,https://www.ebay.com/itm/Invicta-Mens-48mm-Scuba-Pro-Diver-Chronograph-ABALONE-Dial-Gold-Tone-SS-Watch/293222075400?epid=2306090749&hash=item444565cc08:g:vxwAAOSwCVtb5jMA
Details about   NEW Invicta Mens 18K Gold Plated Stainless Steel Swiss Chronograph Capsule Watch,$129.99,US,,https://www.ebay.com/itm/NEW-Invicta-Mens-18K-Gold-Plated-Stainless-Steel-Swiss-Chronograph-Capsule-Watch/143396618170?epid=17034686576&hash=item21631abfba:g:QgYAAOSwaF5djubw:sc:USPSPriority!40291!US!-1
Details about   Bulova Men's Automatic Skeleton Exhibition Caseback Brown 42mm Watch 96A120,$174.99,US,65,https://www.ebay.com/itm/Bulova-Mens-Automatic-Skeleton-Exhibition-Caseback-Brown-42mm-Watch-96A120/113928079285?epid=178754519&hash=item1a86a487b5:g:rxcAAOSwrrldqb5F:sc:FedExHomeDelivery!40291!US!-1
Details about   CASIO DW9052-1V Mens Classic G-SHOCK Black Resin Digital Chronograph Sport Watch,$40.89,US,596,https://www.ebay.com/itm/CASIO-DW9052-1V-Mens-Classic-G-SHOCK-Black-Resin-Digital-Chronograph-Sport-Watch/254136341292?epid=86072513&hash=item3b2bb4d32c:g:UrYAAOSwFdtX1sD5
Details about   Men Military Army Green Analog Digital Quartz Nylon Canvas Wrist Watch Sport US,$16.64,US,"5,239",https://www.ebay.com/itm/Men-Military-Army-Green-Analog-Digital-Quartz-Nylon-Canvas-Wrist-Watch-Sport-US/142464510312?_trkparms=ispr%3D1&hash=item212b8be968:g:8YMAAOSwXrdZ7qr8:sc:USPSFirstClass!40291!US!-1&enc=AQAEAAACQBPxNw%2BVj6nta7CKEs3N0qW25gt0Xf8NPNCRNg2h4AtLnkEZMweAzmlwkAJgwUOQ26TgLPu3bWtQriPKQTprVQhtP6imlhlsTcS05vFmZkmySnsu03qSv82yAoRRSV%2B01quB6B3xIf0Hrg8EkbrIMdbK9VpaExeXny8nscIqqaPTNnuvau3SCbG1LCH%2FsEfOtSq%2B4fDGzekCDM8XVCIJJGJHoZqFcIC%2F%2FNfCEVXxVsiDZSX2hw5Nn1JEXriFK16ql7MhMoOfi%2Fd7GvCLQi8T0x5lU7fuMf18aPtD%2BgX84QcN11w%2Bw9hKXINVBpPaAH00wnXdeO09JzVTrsD%2BYCROPEnvW6MEQ7bnDamboo4Jbv1FLpSJP14nvTFBGAefa%2By2Kx6lsYb3Bizk%2F8E%2BCWoJJotxunB9iclEhYjV8Cr1WhlDUsTKtA9wFiBnhER0KPmGu6fVeV0qyb1%2FA7bw47YxOQ6uZHc94iZP8IWN5kEh9C8O71ATzRGc%2BUlToFDc2sy26ZM%2Fopq3l66G%2F4injzr9xN%2FwyVSMcSMDXJAF7NKymvUemv9%2Bc3ylAyj5kkQ%2BJZQEBgNimN6gCWZoOmsCV9x1AKTTIcbB6qZTQP7Tr4ClpGS76rJQcusRRbrNXJqV7gt5Q%2B1txq6Ws7D%2Fv7mbcdTIiecOrAGfTeX1%2FgVB19hhWS1oobUeiQOdXpJjps5xGLAPcC6V6QDuTno%2BmPT1JYb4sefx8jJOl6A0xIHBWV9o2Gu6AjANTKezmhoBinEH7lMW%2BQ%3D%3D&checksum=142464510312cc9dd2e304b84f4390c820d5b6fe40a3&enc=AQAEAAACQBPxNw%2BVj6nta7CKEs3N0qW25gt0Xf8NPNCRNg2h4AtLnkEZMweAzmlwkAJgwUOQ26TgLPu3bWtQriPKQTprVQhtP6imlhlsTcS05vFmZkmySnsu03qSv82yAoRRSV%2B01quB6B3xIf0Hrg8EkbrIMdbK9VpaExeXny8nscIqqaPTNnuvau3SCbG1LCH%2FsEfOtSq%2B4fDGzekCDM8XVCIJJGJHoZqFcIC%2F%2FNfCEVXxVsiDZSX2hw5Nn1JEXriFK16ql7MhMoOfi%2Fd7GvCLQi8T0x5lU7fuMf18aPtD%2BgX84QcN11w%2Bw9hKXINVBpPaAH00wnXdeO09JzVTrsD%2BYCROPEnvW6MEQ7bnDamboo4Jbv1FLpSJP14nvTFBGAefa%2By2Kx6lsYb3Bizk%2F8E%2BCWoJJotxunB9iclEhYjV8Cr1WhlDUsTKtA9wFiBnhER0KPmGu6fVeV0qyb1%2FA7bw47YxOQ6uZHc94iZP8IWN5kEh9C8O71ATzRGc%2BUlToFDc2sy26ZM%2Fopq3l66G%2F4injzr9xN%2FwyVSMcSMDXJAF7NKymvUemv9%2Bc3ylAyj5kkQ%2BJZQEBgNimN6gCWZoOmsCV9x1AKTTIcbB6qZTQP7Tr4ClpGS76rJQcusRRbrNXJqV7gt5Q%2B1txq6Ws7D%2Fv7mbcdTIiecOrAGfTeX1%2FgVB19hhWS1oobUeiQOdXpJjps5xGLAPcC6V6QDuTno%2BmPT1JYb4sefx8jJOl6A0xIHBWV9o2Gu6AjANTKezmhoBinEH7lMW%2BQ%3D%3D&checksum=142464510312cc9dd2e304b84f4390c820d5b6fe40a3
Details about   Luxury Men's Analog Date Slim Mesh Stainless Steel Dress Wrist Watch Waterproof,$12.99,US,"2,752",https://www.ebay.com/itm/Luxury-Mens-Analog-Date-Slim-Mesh-Stainless-Steel-Dress-Wrist-Watch-Waterproof/283330220621?_trkparms=ispr%3D1&hash=item41f7cc124d:m:myd2VZnj1dPP1DU13XU0ygw:sc:USPSFirstClass!40291!US!-1&enc=AQAEAAACQBPxNw%2BVj6nta7CKEs3N0qXQueiQ5hhUSUC2%2FGqdtFNLz2FnMm5GfaGyVmnzUYxbT9b6fjjv7TDk1r%2FTZrtNFfiKP6c1NKlHSSyM6ElNDTNykOKBHwROROWNSG%2Fz0R5RJQdQP8DVFgJaQ27Li%2ByOHkWvxzx4YNYESN8GO22dOrew%2FFtHls78XnOuqntvYcShwfdwVnIXTedTT3EUlAIz8kECNS%2FbGsTZ7sCDmvsv0eywP8meIEwT1SefhxAIAdsSHIW8UMiZigWPZWa4Js9AGwu4cQS9Lti22j0RgTKa%2BsvGOVukmeeooco8gXE9F5e5bbDkhJceCdMgRCjzSSDReofcSjHGL3xzmUzY6Vbsz%2BrpjU%2FHA%2FaJTUhXaZHcdsEFtESoVxQJoOwOLhxprba2Fin6CGJjjvjfdfOclDyPiOW1NUIZBJSGKy%2FtjI6ookMZ5EmMFuViVWVAFI1MwiOGgfUh0Oa2PbxLOP14u9KcfU3IUhRFaI5x1CMAxu%2Bwt%2FWhVuru4N9LS%2FLzlx9R94%2BSlnd6l1%2FGGtcsEojA2GX37ALq9%2BJY0ZxQnhDaQdXsSTQ%2FnamYWhZfQPAbWcxMEL8wZpWNWiw8E1Xju3%2FL0qt1TlM%2BSkE93fQWMbjE4xHV%2B55rw55%2BP%2F2y2QhAzPVmi6fYdgObgxwSmSfiSRIS9v4yRDtF3%2FgVWQaBHTLOzjXttm7pC9MDAWwt%2BSLyJtldF2ejbcCUXdfLycLamtKXdIxiNjT%2BSwWNRlFEOVdReOBvaiaiBQ%3D%3D&checksum=283330220621cc9dd2e304b84f4390c820d5b6fe40a3&enc=AQAEAAACQBPxNw%2BVj6nta7CKEs3N0qXQueiQ5hhUSUC2%2FGqdtFNLz2FnMm5GfaGyVmnzUYxbT9b6fjjv7TDk1r%2FTZrtNFfiKP6c1NKlHSSyM6ElNDTNykOKBHwROROWNSG%2Fz0R5RJQdQP8DVFgJaQ27Li%2ByOHkWvxzx4YNYESN8GO22dOrew%2FFtHls78XnOuqntvYcShwfdwVnIXTedTT3EUlAIz8kECNS%2FbGsTZ7sCDmvsv0eywP8meIEwT1SefhxAIAdsSHIW8UMiZigWPZWa4Js9AGwu4cQS9Lti22j0RgTKa%2BsvGOVukmeeooco8gXE9F5e5bbDkhJceCdMgRCjzSSDReofcSjHGL3xzmUzY6Vbsz%2BrpjU%2FHA%2FaJTUhXaZHcdsEFtESoVxQJoOwOLhxprba2Fin6CGJjjvjfdfOclDyPiOW1NUIZBJSGKy%2FtjI6ookMZ5EmMFuViVWVAFI1MwiOGgfUh0Oa2PbxLOP14u9KcfU3IUhRFaI5x1CMAxu%2Bwt%2FWhVuru4N9LS%2FLzlx9R94%2BSlnd6l1%2FGGtcsEojA2GX37ALq9%2BJY0ZxQnhDaQdXsSTQ%2FnamYWhZfQPAbWcxMEL8wZpWNWiw8E1Xju3%2FL0qt1TlM%2BSkE93fQWMbjE4xHV%2B55rw55%2BP%2F2y2QhAzPVmi6fYdgObgxwSmSfiSRIS9v4yRDtF3%2FgVWQaBHTLOzjXttm7pC9MDAWwt%2BSLyJtldF2ejbcCUXdfLycLamtKXdIxiNjT%2BSwWNRlFEOVdReOBvaiaiBQ%3D%3D&checksum=283330220621cc9dd2e304b84f4390c820d5b6fe40a3
Details about   Citizen Men's Quartz Chronograph Black Multi Dial Bracelet 42mm Watch AN3645-51E,$69.99,US,54,https://www.ebay.com/itm/Citizen-Mens-Quartz-Chronograph-Black-Multi-Dial-Bracelet-42mm-Watch-AN3645-51E/264476837882?epid=28030730245&hash=item3d940c47fa:g:pegAAOSwDKBdipxt:sc:FedExHomeDelivery!40291!US!-1
Details about   Casio G-Shock Classic Series Analog-Digital Black Dial Men's Watch GA100-1A1CR,$56.62,US,"1,224",https://www.ebay.com/itm/Casio-G-Shock-Classic-Series-Analog-Digital-Black-Dial-Mens-Watch-GA100-1A1CR/153242714823?epid=141097660&hash=item23adfa42c7:g:AOoAAOSwcDdcCtUW
Details about   Bulova CURV Men's Quartz Gray Dial Silicone Black Band 44mm Watch 98A161 ,$274.99,US,21,https://www.ebay.com/itm/Bulova-CURV-Mens-Quartz-Gray-Dial-Silicone-Black-Band-44mm-Watch-98A161/293260815062?epid=11032158620&hash=item4447b4ead6:g:8M8AAOSwcBZb2ImC:sc:FedExHomeDelivery!40291!US!-1
Details about   NEW Citizen Military Men's Eco-Drive Watch - BM8180-03E,$75.27,US,,https://www.ebay.com/itm/NEW-Citizen-Military-Mens-Eco-Drive-Watch-BM8180-03E/392401755910?epid=70317213&hash=item5b5cf79f06:g:ofAAAOSw1MRdZZgJ:sc:USPSFirstClass!40291!US!-1
Details about   Invicta 30029 Pro Diver Men's 50mm Chronograph Gold-Tone Charcoal Dial Watch,$81.23,US,113,https://www.ebay.com/itm/Invicta-30029-Pro-Diver-Mens-50mm-Chronograph-Gold-Tone-Charcoal-Dial-Watch/333269011046?epid=20034595653&hash=item4d98618a66:g:PJsAAOSwmNRdLhrr
Details about   Invicta Men's Watch Pro Diver Quartz Black Dial Dive Quartz Bracelet 8932OB,$45.99/ea,US,18,https://www.ebay.com/itm/Invicta-Mens-Watch-Pro-Diver-Quartz-Black-Dial-Dive-Quartz-Bracelet-8932OB/331897627367?epid=222453104&hash=item4d46a3e2e7:g:P-cAAOSwZc1dlKJV
Details about   Bulova Marine Star Men's Quartz Chronograph Rose Gold Tone 45mm Watch 98B301,$159.99,US,327,https://www.ebay.com/itm/Bulova-Marine-Star-Mens-Quartz-Chronograph-Rose-Gold-Tone-45mm-Watch-98B301/113690863194?epid=4033519011&hash=item1a7880e65a:g:JjcAAOSwKqNchta3:sc:FedExHomeDelivery!40291!US!-1
Details about   Invicta Men's Pro Diver Stainless Steel 40MM Watch- Choose Color (26970 - 26975),$77.65,US,"2,847",https://www.ebay.com/itm/Invicta-Mens-Pro-Diver-Stainless-Steel-40MM-Watch-Choose-Color-26970-26975/132993081609?epid=4031283622&_trkparms=ispr%3D1&hash=item1ef7016109:m:mhekpmuJBNDFh6P0Hb3ArkQ&enc=AQAEAAACQBPxNw%2BVj6nta7CKEs3N0qWinn6nZbkImbooG7vVBr5c88mnmaURJDnCqJpdTfRNsf70r%2BlAy3jFgqMBXVq8RqcO3OMCuzjxpcK4RL%2F0CNPiACXgDDsYi69xihSV96u6%2B%2Fqfh%2Ft2lyJ2M2MkD87p7ObrpUn4DI%2FRRHVGrxwlDB5DI%2F2bYNdWB2y6CRPhXZQ%2Bhy%2F8qOVmFNxF92V59zaQc5oXCYFppz04C4LlgDHbyZ5uRShx1mxBlxYidD85zcdimUULjDgzgeDDYiinD2ix24m3vf9n%2B4YQsvccT70jheekTbjCE1%2FvvrGqCvHztcOnCAZoyY6%2BxuNb35iVrOvtM5eZHVQE77akCjreciZkBBN6yXWTFcoWNM19lP%2B5v3PzWJw46dOUgsnyph54RBNzEHZzWP5s6X0wzef1vz0N7VWmqPjsy%2BAuegWsS5xBbufQdIRxroi9WEKY7CqJeKC%2FwcxtvUdBQ57s1hfoonsjRLEu37p7PUI1UOSSznH4IvRpYHPcQxqH3Yxsw3lAa1Z6i1LR6NM11KHd%2BqOSWX8GsrhujA7%2BfnSonphMCiUla6Ok2PqUDrEZ6liT7vOBcFdJmxjAX43vhJidrCU3oTM5YqySzj7uxVPTUXOUrDU3aCA9D29aCK3E6mJQHFK71%2FeKJ0GTcAVmbCbf8kwpQpk%2FSaa3U2gUGKYBG70f2Gs6K56PW1S9wHPZd2pcMnQ3CYw7I%2FTwh8xoWHKG%2FxE4NegLTtv6tQJ7Zh6c2coc4IXFNQ2FAg%3D%3D&checksum=132993081609cc9dd2e304b84f4390c820d5b6fe40a3&enc=AQAEAAACQBPxNw%2BVj6nta7CKEs3N0qWinn6nZbkImbooG7vVBr5c88mnmaURJDnCqJpdTfRNsf70r%2BlAy3jFgqMBXVq8RqcO3OMCuzjxpcK4RL%2F0CNPiACXgDDsYi69xihSV96u6%2B%2Fqfh%2Ft2lyJ2M2MkD87p7ObrpUn4DI%2FRRHVGrxwlDB5DI%2F2bYNdWB2y6CRPhXZQ%2Bhy%2F8qOVmFNxF92V59zaQc5oXCYFppz04C4LlgDHbyZ5uRShx1mxBlxYidD85zcdimUULjDgzgeDDYiinD2ix24m3vf9n%2B4YQsvccT70jheekTbjCE1%2FvvrGqCvHztcOnCAZoyY6%2BxuNb35iVrOvtM5eZHVQE77akCjreciZkBBN6yXWTFcoWNM19lP%2B5v3PzWJw46dOUgsnyph54RBNzEHZzWP5s6X0wzef1vz0N7VWmqPjsy%2BAuegWsS5xBbufQdIRxroi9WEKY7CqJeKC%2FwcxtvUdBQ57s1hfoonsjRLEu37p7PUI1UOSSznH4IvRpYHPcQxqH3Yxsw3lAa1Z6i1LR6NM11KHd%2BqOSWX8GsrhujA7%2BfnSonphMCiUla6Ok2PqUDrEZ6liT7vOBcFdJmxjAX43vhJidrCU3oTM5YqySzj7uxVPTUXOUrDU3aCA9D29aCK3E6mJQHFK71%2FeKJ0GTcAVmbCbf8kwpQpk%2FSaa3U2gUGKYBG70f2Gs6K56PW1S9wHPZd2pcMnQ3CYw7I%2FTwh8xoWHKG%2FxE4NegLTtv6tQJ7Zh6c2coc4IXFNQ2FAg%3D%3D&checksum=132993081609cc9dd2e304b84f4390c820d5b6fe40a3
Details about   Brand New With Orignal Box Mens 14K Gold Plated Fully Iced Lab Diamond Watch,$44.99,US,39,https://www.ebay.com/itm/Brand-New-With-Orignal-Box-Mens-14K-Gold-Plated-Fully-Iced-Lab-Diamond-Watch/223480611377?_trkparms=ispr%3D1&hash=item34087b8231:g:9xkAAOSwsVtcsVEI&enc=AQAEAAACQBPxNw%2BVj6nta7CKEs3N0qU0vIJfQOk3IYVd0fHs%2FrnJiWSpIanEQTFI23AbO%2FG904NwRkWYjB460h1ny7IEX%2FdxeH71Taqr7JW3c9nltQKo9W0XXL0aqQ1Ko8PRYetSiAgniS0o9V0%2BiKn31w1EIeYiLB8N%2BmIbN2fUQ4gFZmAj2FrxGVxycy64ozQ8xlt9U2ie5NvY8A0jMpbLYalIv6ozhOifmEPN1SgKRkFBKDJ%2BACblSYcS4azMkqjaiw7p%2BFbbdh8P1jDwpHpNNpV%2BgvJbErlRsSseU%2BdrjagAFRLhKnUonKhrFRF%2Bmkx8%2BaTUBoY4IoYbCb07ujb2szn2Xv5KmypvVY1jLbeklr2tCRHGYRWNrfPafO%2B0joV62JeMfkU3vKNohPxar2101HqxMVulujavVtlHf7VfGMR%2B0qc6TDUAnNqycS%2FnEtY1y3aIHm0XgdwXoLBdQlBb9sVnPIkU3r2%2Bg1g2Xorc8XHXIKMlfJQGAUV7b3fvUPQwqgqo1q%2BLv48oZrDgoAYtYEa8Saa8YCIXrrkN8zk3uV5asxWCPq1SWLEef%2F02zktuTbeplYmqZki0cJPxCk4ac%2BEUv%2Fedzn913FS2SCaVUxSrN7HopdzrY5brlNpw2ce7lP7%2BruImqcGLQVUkJ%2B6hhsE%2FxCudzh5TOaWDkCphSrZgtap%2FZ0WPB%2F8dwH3tdeCZ%2FrXJrHzM%2BXHFl2YtkvrcfveH2kvv%2BaPDHf7YR%2F1kkNDKFX%2ButWXzPmSBIdrLVlgM%2BURgiQ%3D%3D&checksum=223480611377cc9dd2e304b84f4390c820d5b6fe40a3&enc=AQAEAAACQBPxNw%2BVj6nta7CKEs3N0qU0vIJfQOk3IYVd0fHs%2FrnJiWSpIanEQTFI23AbO%2FG904NwRkWYjB460h1ny7IEX%2FdxeH71Taqr7JW3c9nltQKo9W0XXL0aqQ1Ko8PRYetSiAgniS0o9V0%2BiKn31w1EIeYiLB8N%2BmIbN2fUQ4gFZmAj2FrxGVxycy64ozQ8xlt9U2ie5NvY8A0jMpbLYalIv6ozhOifmEPN1SgKRkFBKDJ%2BACblSYcS4azMkqjaiw7p%2BFbbdh8P1jDwpHpNNpV%2BgvJbErlRsSseU%2BdrjagAFRLhKnUonKhrFRF%2Bmkx8%2BaTUBoY4IoYbCb07ujb2szn2Xv5KmypvVY1jLbeklr2tCRHGYRWNrfPafO%2B0joV62JeMfkU3vKNohPxar2101HqxMVulujavVtlHf7VfGMR%2B0qc6TDUAnNqycS%2FnEtY1y3aIHm0XgdwXoLBdQlBb9sVnPIkU3r2%2Bg1g2Xorc8XHXIKMlfJQGAUV7b3fvUPQwqgqo1q%2BLv48oZrDgoAYtYEa8Saa8YCIXrrkN8zk3uV5asxWCPq1SWLEef%2F02zktuTbeplYmqZki0cJPxCk4ac%2BEUv%2Fedzn913FS2SCaVUxSrN7HopdzrY5brlNpw2ce7lP7%2BruImqcGLQVUkJ%2B6hhsE%2FxCudzh5TOaWDkCphSrZgtap%2FZ0WPB%2F8dwH3tdeCZ%2FrXJrHzM%2BXHFl2YtkvrcfveH2kvv%2BaPDHf7YR%2F1kkNDKFX%2ButWXzPmSBIdrLVlgM%2BURgiQ%3D%3D&checksum=223480611377cc9dd2e304b84f4390c820d5b6fe40a3
Details about   Bulova Precisionist Men's Langford Quartz Black Leather Band 42mm Watch 96B158,$89.99,US,74,https://www.ebay.com/itm/Bulova-Precisionist-Mens-Langford-Quartz-Black-Leather-Band-42mm-Watch-96B158/303289398068?epid=1900146445&hash=item469d74f334:g:OcEAAOSwWspbNN9l:sc:FedExHomeDelivery!40291!US!-1
Details about    New Invicta Ninja  Men's S1 Rally Quartz Stainless Steel Silicone Strap Watch!!,$74.99,US,,https://www.ebay.com/itm/New-Invicta-Ninja-Mens-S1-Rally-Quartz-Stainless-Steel-Silicone-Strap-Watch/362790480264?hash=item5477ff6988:g:09kAAOSwg9RdskYJ:sc:USPSPriority!40291!US!-1
Details about   Bulova CURV Men's Quartz Chronograph Black Leather Strap 43mm Watch 98A155,$144.99,US,214,https://www.ebay.com/itm/Bulova-CURV-Mens-Quartz-Chronograph-Black-Leather-Strap-43mm-Watch-98A155/292804967501?epid=21031751490&hash=item442c893c4d:g:68sAAOSwAUJdaANV:sc:FedExHomeDelivery!40291!US!-1
Details about   Invicta Pro Diver Stainless Steel Mens Watch NEW Open Box 28753,$59.99,US,,https://www.ebay.com/itm/Invicta-Pro-Diver-Stainless-Steel-Mens-Watch-NEW-Open-Box-28753/392316758988?epid=15033164868&hash=item5b57e6abcc:g:lQ4AAOSwGZVdCqfR:sc:USPSFirstClass!40291!US!-1
Details about   Fashion Curren Mens Date Stainless Steel Leather Analog Quartz Sport Wrist Watch,$12.99,US,"5,288",https://www.ebay.com/itm/Fashion-Curren-Mens-Date-Stainless-Steel-Leather-Analog-Quartz-Sport-Wrist-Watch/351813524806?hash=item51e9b85d46:m:mnAjAHMLQ3JeMp3QZXma-Ww
Details about   CURREN Casual Sport Watches for Men Blue Top Brand Luxury Military Leather Wrist,$25.99,US,79,https://www.ebay.com/itm/CURREN-Casual-Sport-Watches-for-Men-Blue-Top-Brand-Luxury-Military-Leather-Wrist/223607264775?hash=item3410081607:m:mk3aoTP6iePvx9MPz6EQNdQ
Details about   Invicta Mens 52mm Pro Diver Combat Seal Chronograph 18k Gold Plated SS 500 Watch,$99.89,US,,https://www.ebay.com/itm/Invicta-Mens-52mm-Pro-Diver-Combat-Seal-Chronograph-18k-Gold-Plated-SS-500-Watch/123762216258?epid=15005881722&hash=item1cd0cd8d42:g:dfgAAOSwIGBc1LLJ:sc:USPSPriority!40291!US!-1
Details about   Citizen Eco-Drive CTO Men's Blue Dial Mesh Bracelet 42mm Watch BM6990-55L,$54.99,US,347,https://www.ebay.com/itm/Citizen-Eco-Drive-CTO-Mens-Blue-Dial-Mesh-Bracelet-42mm-Watch-BM6990-55L/263525993603?epid=2256007946&hash=item3d5b5f8c83:g:g0IAAOSwTlFajJA2
Details about   Casio G-shock Men's Digital Watch DW-5600BB-1CR,$57.03,US,14,https://www.ebay.com/itm/Casio-G-shock-Mens-Digital-Watch-DW-5600BB-1CR/153376960603?epid=12032149141&hash=item23b5fab05b:g:Uq0AAOSwqpFcZDrL
Details about   NEW Invicta Men's Reserve 53mm Bolt ZEUS Swiss Chronograph COMBAT Black SS Watch,$154.99,US,,https://www.ebay.com/itm/NEW-Invicta-Mens-Reserve-53mm-Bolt-ZEUS-Swiss-Chronograph-COMBAT-Black-SS-Watch/372693515330?epid=27034407242&hash=item56c643bc42:g:8-8AAOSwNP5dDClw
Details about   Citizen Eco-Drive Men's Proximity Bluetooth Silver-Tone 46mm Watch BZ1000-54E,$109.99,US,826,https://www.ebay.com/itm/Citizen-Eco-Drive-Mens-Proximity-Bluetooth-Silver-Tone-46mm-Watch-BZ1000-54E/263705104676?epid=8028680244&hash=item3d660c9124:g:3OEAAOSwzrNa7K5V:sc:FedExHomeDelivery!40291!US!-1
Details about   Invicta Mens 43mm Pro Diver Swiss Movement 18K Gold Plated Stainless Steel Watch,$74.99,US,,https://www.ebay.com/itm/Invicta-Mens-43mm-Pro-Diver-Swiss-Movement-18K-Gold-Plated-Stainless-Steel-Watch/302926072470?hash=item4687cd0a96:g:ZBgAAOSwB5lbyU1F
Details about   Bulova Sport Men's Quartz Chronograph Black Dial Blue Band 43mm Watch 98A190,$89.99,US,327,https://www.ebay.com/itm/Bulova-Sport-Mens-Quartz-Chronograph-Black-Dial-Blue-Band-43mm-Watch-98A190/263981105844?epid=4034356896&hash=item3d768002b4:g:6DMAAOSw2jNbu87l:sc:FedExHomeDelivery!40291!US!-1
Details about   SKMEI Men's Military Digital & Analog Date Alarm Waterproof Workout Sports Watch,$11.69,US,"1,828",https://www.ebay.com/itm/SKMEI-Mens-Military-Digital-Analog-Date-Alarm-Waterproof-Workout-Sports-Watch/132522623180?_trkparms=ispr%3D1&hash=item1edaf6c0cc:m:mvxK23wE6UMhfEHN2iW0uyA:sc:USPSFirstClass!40291!US!-1&enc=AQAEAAACQBPxNw%2BVj6nta7CKEs3N0qVst5RKVAqMGsbHOr2jpcqwv2Q59s2D5NszDnoZUwStzKl8A2npME5dPCwyM%2BUf5%2B%2FRcxaYdIx0feyqZgybNkzeAvNdYNh7wKwQBzbYv0r4jm8iYYubw4qIsFEvjJ8%2FrmN0jpt%2F4t6pq2tbnWXKGAwM6%2FM8%2FyjIo1meeFDRkPCBGqvz34UE%2B47n0saaEqIfXUEr42rGqBu2AbrCqlVNHh5y6rb2MM6u57XjlIS%2B49QyUTD8T%2Fi6oXzC%2Fvbu0pvHAPDnWBwqqkEGBnIvSr2MG5dLfvy%2BH3eRRxD2%2BrVDTYaZx%2Fnh%2FKSSnkmoYwU1xAx%2BP5rArXlN8NIRmcZMGDzVhWBqHnl6wKmJ6upg%2BwzA9UQIHQCOmfjueKc6pWnmSDf0NYbUZleVHiJjKq9Eo2Dft%2B%2BtlFSb%2FSvWvzMPMDuHosUlLf%2BSKw0SFgj2jc5EhZ3x1OYxO%2BsCwozn8xjOdjuZn07yB8XTSfT3Y2A5tlFOJ98jYkJ4R9NCyGAV9VmMD8XFQXQa0GdEFphG6yeuDqWfTzYUANnEK24k84dhPKK1J5oHIUAVCpGNdTLyv1O1MiJ4UCM3BRZ2Kk22oHza7NlPdptICuhTggQDtbes7Epwxj051NLGAMrU70de2YA4250NBNO4VxtjJOdLw0bowAnYz9aE%2F1mn6R93JyDSg3z7S7Mpvkhy2%2Fz6HfQoy%2FpldVYcSn8UICapYP%2Bwo74bGqJTdf8%2BRQ2xmFkJrHjA%2BLr4D1adZw%3D%3D&checksum=132522623180cc9dd2e304b84f4390c820d5b6fe40a3&enc=AQAEAAACQBPxNw%2BVj6nta7CKEs3N0qVst5RKVAqMGsbHOr2jpcqwv2Q59s2D5NszDnoZUwStzKl8A2npME5dPCwyM%2BUf5%2B%2FRcxaYdIx0feyqZgybNkzeAvNdYNh7wKwQBzbYv0r4jm8iYYubw4qIsFEvjJ8%2FrmN0jpt%2F4t6pq2tbnWXKGAwM6%2FM8%2FyjIo1meeFDRkPCBGqvz34UE%2B47n0saaEqIfXUEr42rGqBu2AbrCqlVNHh5y6rb2MM6u57XjlIS%2B49QyUTD8T%2Fi6oXzC%2Fvbu0pvHAPDnWBwqqkEGBnIvSr2MG5dLfvy%2BH3eRRxD2%2BrVDTYaZx%2Fnh%2FKSSnkmoYwU1xAx%2BP5rArXlN8NIRmcZMGDzVhWBqHnl6wKmJ6upg%2BwzA9UQIHQCOmfjueKc6pWnmSDf0NYbUZleVHiJjKq9Eo2Dft%2B%2BtlFSb%2FSvWvzMPMDuHosUlLf%2BSKw0SFgj2jc5EhZ3x1OYxO%2BsCwozn8xjOdjuZn07yB8XTSfT3Y2A5tlFOJ98jYkJ4R9NCyGAV9VmMD8XFQXQa0GdEFphG6yeuDqWfTzYUANnEK24k84dhPKK1J5oHIUAVCpGNdTLyv1O1MiJ4UCM3BRZ2Kk22oHza7NlPdptICuhTggQDtbes7Epwxj051NLGAMrU70de2YA4250NBNO4VxtjJOdLw0bowAnYz9aE%2F1mn6R93JyDSg3z7S7Mpvkhy2%2Fz6HfQoy%2FpldVYcSn8UICapYP%2Bwo74bGqJTdf8%2BRQ2xmFkJrHjA%2BLr4D1adZw%3D%3D&checksum=132522623180cc9dd2e304b84f4390c820d5b6fe40a3
Details about   Classic Mens Womens Luxury Leather Band Gold Tone Dial Analog Quartz Wrist Watch,$6.06/ea,US,"2,770",https://www.ebay.com/itm/Classic-Mens-Womens-Luxury-Leather-Band-Gold-Tone-Dial-Analog-Quartz-Wrist-Watch/171874423818?_trkparms=ispr%3D1&hash=item280483940a:m:m2ESyYK96-SB-wnlXXMWrzQ:sc:USPSFirstClass!40291!US!-1&enc=AQAEAAACQBPxNw%2BVj6nta7CKEs3N0qXbuYzbUlzlUPJYvvA%2BDY%2FGGDrmkEFBhJZe2BnBlL9EkK2ffddH6H7PsR4fIrUWqa5R7ZxaFZrUQHFw%2BiXNYbwUfUrjTcdeTXe7r1jCm%2F28J%2Bn9evN2%2BCx0iWlN%2FNV%2FhYqDEtRI2J05h36%2BXZXdc2z2WAyocTUv5PWDFME8Sx9NpLRkjO0mqPl7GEboqAZ18raVpNcIqxKYncx3K08HqL35oUORtInrzS8JPdJYZ6KUEcYdTsNpxTvyMBkShwT%2BhMdK9hkn3Urj%2BnXbC1tObraKXCgozx581O7qCbe7u2foe33knzdk1X%2FoKiLP5lSqM%2BpLhqHVDMwShYJqZDVLPZXv19%2FdL8pBqAZuJoSvfNBtet0EdwFQOZg3GjWYeHpD7qQ%2FaCdVmFBvEW4outrBZ2GGzKA2bNQu8ouwGNtJl65xF6z0NaBNJUp4bCE28vhP%2FhiAXL%2FsDmcptC1W7a8Ao3z8Lz%2Bar18CNpWJBndvXCDEZCYrOFVKFUQqJWo4oKTQECSYQRKjPRSh4QURXkWWGJXtkKVXQDG9ezPoAxYrN8u%2FBB8GsYzznfvm6QaHTKU4tK54sqS06WxeIJbEjjPXLQny9g9WJuPrDFAaCctuT3wQGH2GpmZAyGGsoO3Jie5Bh9mjdNi5nl2DbIpRvwH259hlwCbPblNYBKumN%2BzqnutD9JlscbVLmHN3fPRKqyfgTZKzfJkyJVRdnVAkEnsKNYOV0i3QjjoKvnNdsmokriyE1Q%3D%3D&checksum=171874423818cc9dd2e304b84f4390c820d5b6fe40a3&enc=AQAEAAACQBPxNw%2BVj6nta7CKEs3N0qXbuYzbUlzlUPJYvvA%2BDY%2FGGDrmkEFBhJZe2BnBlL9EkK2ffddH6H7PsR4fIrUWqa5R7ZxaFZrUQHFw%2BiXNYbwUfUrjTcdeTXe7r1jCm%2F28J%2Bn9evN2%2BCx0iWlN%2FNV%2FhYqDEtRI2J05h36%2BXZXdc2z2WAyocTUv5PWDFME8Sx9NpLRkjO0mqPl7GEboqAZ18raVpNcIqxKYncx3K08HqL35oUORtInrzS8JPdJYZ6KUEcYdTsNpxTvyMBkShwT%2BhMdK9hkn3Urj%2BnXbC1tObraKXCgozx581O7qCbe7u2foe33knzdk1X%2FoKiLP5lSqM%2BpLhqHVDMwShYJqZDVLPZXv19%2FdL8pBqAZuJoSvfNBtet0EdwFQOZg3GjWYeHpD7qQ%2FaCdVmFBvEW4outrBZ2GGzKA2bNQu8ouwGNtJl65xF6z0NaBNJUp4bCE28vhP%2FhiAXL%2FsDmcptC1W7a8Ao3z8Lz%2Bar18CNpWJBndvXCDEZCYrOFVKFUQqJWo4oKTQECSYQRKjPRSh4QURXkWWGJXtkKVXQDG9ezPoAxYrN8u%2FBB8GsYzznfvm6QaHTKU4tK54sqS06WxeIJbEjjPXLQny9g9WJuPrDFAaCctuT3wQGH2GpmZAyGGsoO3Jie5Bh9mjdNi5nl2DbIpRvwH259hlwCbPblNYBKumN%2BzqnutD9JlscbVLmHN3fPRKqyfgTZKzfJkyJVRdnVAkEnsKNYOV0i3QjjoKvnNdsmokriyE1Q%3D%3D&checksum=171874423818cc9dd2e304b84f4390c820d5b6fe40a3
Details about   Citizen Eco-Drive Mens Watch -Diver Style -Silver w/ Blue Dial -WR200 -2 Bands  ,$77.00,US,,https://www.ebay.com/itm/Citizen-Eco-Drive-Mens-Watch-Diver-Style-Silver-w-Blue-Dial-WR200-2-Bands/123966017711?hash=item1cdcf350af:g:Bt8AAOSwwrNdwueX
Details about   Casio Men's Watch G-Shock Grey & Black Ana-Digi Dial Black Strap GA100C-8A,$61.62,US,"1,584",https://www.ebay.com/itm/Casio-Mens-Watch-G-Shock-Grey-Black-Ana-Digi-Dial-Black-Strap-GA100C-8A/231948085978?epid=233490929&hash=item36012eeada:g:FgsAAOSwwKpdwYLG
Details about   New Mens Invicta Limited CRUISELINE Swiss 46mm Blue Dial Crown Guard Watch,$59.95,US,,https://www.ebay.com/itm/New-Mens-Invicta-Limited-CRUISELINE-Swiss-46mm-Blue-Dial-Crown-Guard-Watch/123818192023?hash=item1cd423ac97:g:-JQAAOSwumJdFkLy:sc:USPSPriority!40291!US!-1
Details about   Citizen Eco-Drive Men's Skyhawk A-T Black Dial Silver-Tone 47mm Watch JY8051-59E,$229.99,US,214,https://www.ebay.com/itm/Citizen-Eco-Drive-Mens-Skyhawk-A-T-Black-Dial-Silver-Tone-47mm-Watch-JY8051-59E/264333257571?epid=20034193797&hash=item3d8b7d6b63:g:FPwAAOSwJ7dbFZ-f:sc:FedExHomeDelivery!40291!US!-1
Details about   Bulova Precisionist Men's Chronograph Quartz Gray Multi Dial 44.5mm Watch 96B260,$159.99,US,53,https://www.ebay.com/itm/Bulova-Precisionist-Mens-Chronograph-Quartz-Gray-Multi-Dial-44-5mm-Watch-96B260/113860287414?hash=item1a829a1bb6:g:a6wAAOSwrfVZSYHW:sc:FedExHomeDelivery!40291!US!-1
Details about   Invicta Men Pro Diver Scuba Chrono 18KT Gold Plated Stainless St Black Dial Watc,$79.99,US,,https://www.ebay.com/itm/Invicta-Men-Pro-Diver-Scuba-Chrono-18KT-Gold-Plated-Stainless-St-Black-Dial-Watc/132844652503?epid=174044962&hash=item1eee2887d7:g:63IAAOSwzThb33Zv:sc:USPSPriority!40291!US!-1
Details about   Fashion Men Military Tactical Digital Analog Sport Date Quartz Shock Wrist Watch,$13.86,US,389,https://www.ebay.com/itm/Fashion-Men-Military-Tactical-Digital-Analog-Sport-Date-Quartz-Shock-Wrist-Watch/303152849806?hash=item469551638e:m:myHnr58MIcqXMY3BEAgmiIg:sc:USPSFirstClass!40291!US!-1
Details about   Invicta Mens 48mm Aviator Chronograph Blue Glass Fiber Dial 18K Gold 2Tone Watch,$79.99,US,,https://www.ebay.com/itm/Invicta-Mens-48mm-Aviator-Chronograph-Blue-Glass-Fiber-Dial-18K-Gold-2Tone-Watch/293305155939?epid=24011438481&hash=item444a598163:g:fwMAAOSwomJdunIS
Details about   Men's Invicta Pro Diver 18k GOLD Plated SS Chronograph Champagne Dial $695 Watch,$65.97,US,"1,436",https://www.ebay.com/itm/Mens-Invicta-Pro-Diver-18k-GOLD-Plated-SS-Chronograph-Champagne-Dial-695-Watch/142512798022?hash=item212e6cb946:g:9TkAAOSwRrlb5HY~:sc:USPSPriorityMailPaddedFlatRateEnvelope!40291!US!-1
Details about   Invicta Men's Pro Diver Scuba 3.0 Blue Chronograph Dial 18K Gold Plated SS Watch,$92.95/ea,US,105,https://www.ebay.com/itm/Invicta-Mens-Pro-Diver-Scuba-3-0-Blue-Chronograph-Dial-18K-Gold-Plated-SS-Watch/133114133621?epid=20033524071&hash=item1efe387c75:g:dJoAAOSwCwxdLlWf:sc:USPSPriorityMailPaddedFlatRateEnvelope!40291!US!-1
Details about   Invicta Men's Watch Pro Diver Automatic Two Tone Stainless Steel Bracelet 8928OB,$78.72,US,"1,312",https://www.ebay.com/itm/Invicta-Mens-Watch-Pro-Diver-Automatic-Two-Tone-Stainless-Steel-Bracelet-8928OB/231404097975?epid=233487536&hash=item35e0c251b7:g:2dQAAOSwLpRdLEfi
Details about   NEW Invicta Mens 18K Gold Plated Stainless St. Red Dial Chronograph Tachy Watch,$69.99,US,,https://www.ebay.com/itm/NEW-Invicta-Mens-18K-Gold-Plated-Stainless-St-Red-Dial-Chronograph-Tachy-Watch/133159911730?epid=7034598751&hash=item1f00f30132:g:LIAAAOSwtpBdbsxV:sc:USPSPriority!40291!US!-1
Details about   Invicta Men's Pro Diver Scuba Gold-Tone 50mm - Choice of Color,$81.23,US,122,https://www.ebay.com/itm/Invicta-Mens-Pro-Diver-Scuba-Gold-Tone-50mm-Choice-of-Color/333271580550?epid=24031089510&hash=item4d9888bf86:m:mfVYjyePB8FWDzc4VUCYtgw
Details about   Mens Invicta Pro Diver Scuba 18kt Gold Plated Chronograph Green 48mm Watch New,$119.99,US,954,https://www.ebay.com/itm/Mens-Invicta-Pro-Diver-Scuba-18kt-Gold-Plated-Chronograph-Green-48mm-Watch-New/272837289313?hash=item3f865ea561:g:IfUAAOSw4HVWEa5k
Details about   Casio Men's Watch G-Shock Multi-Band 6 Tough Solar Black Strap GWM5610-1,$84.21,US,"1,845",https://www.ebay.com/itm/Casio-Mens-Watch-G-Shock-Multi-Band-6-Tough-Solar-Black-Strap-GWM5610-1/351601041627?epid=5031096577&hash=item51dd0e20db:g:QF8AAOSwTC1dI1IA
Details about   Bulova Men's 98C60 Quartz Champagne Dial Two-Tone Bracelet 36mm Watch,$45.99,US,282,https://www.ebay.com/itm/Bulova-Mens-98C60-Quartz-Champagne-Dial-Two-Tone-Bracelet-36mm-Watch/113225467395?hash=item1a5cc38603:g:2J0AAOSwBFpbhG0d
Details about   NEW CASIO G-SHOCK GD100-1B BLACK RESIN DIGITAL MILITARY MENS WATCH NWT!!!,$56.00,US,152,https://www.ebay.com/itm/NEW-CASIO-G-SHOCK-GD100-1B-BLACK-RESIN-DIGITAL-MILITARY-MENS-WATCH-NWT/173875283041?epid=174046572&hash=item287bc64461:g:Ov4AAOSwv6Fbrjtq:sc:USPSFirstClass!40291!US!-1
Details about   Citizen Eco-Drive Men's Beige Dial Green Military Strap 43mm Watch AW1465-14H,$59.99,US,101,https://www.ebay.com/itm/Citizen-Eco-Drive-Mens-Beige-Dial-Green-Military-Strap-43mm-Watch-AW1465-14H/293185936874?epid=15035047859&hash=item44433e5dea:g:68cAAOSwKjFdVwHd
Details about   Citizen Eco-Drive Men's Diamond Accents Black Bracelet 40mm Watch AU1054-54G,$66.99,US,74,https://www.ebay.com/itm/Citizen-Eco-Drive-Mens-Diamond-Accents-Black-Bracelet-40mm-Watch-AU1054-54G/264182160130?epid=710150970&hash=item3d827bdb02:g:yTMAAOSw6JhcWegM
Details about   Citizen Eco-Drive Men's Black Dial Silver-Tone Bracelet 43mm Watch AW0050-82E,$56.99,US,,https://www.ebay.com/itm/Citizen-Eco-Drive-Mens-Black-Dial-Silver-Tone-Bracelet-43mm-Watch-AW0050-82E/264191727582?hash=item3d830dd7de:g:NZoAAOSw6o5cWc4T
Details about   Mens Watch Steinhausen TW783G Skeleton Automatic Watch,$120.00,US,,https://www.ebay.com/itm/Mens-Watch-Steinhausen-TW783G-Skeleton-Automatic-Watch/184025265746?hash=item2ad8c2b652:g:GnUAAOSwtVhdwuz4
Details about   CASIO Men Wrist Watch LED  Retro Digital  Unisex Classic New MULTICOLORE,$8.00,US,230,https://www.ebay.com/itm/CASIO-Men-Wrist-Watch-LED-Retro-Digital-Unisex-Classic-New-MULTICOLORE/383203553465?_trkparms=ispr%3D1&hash=item5938b630b9:m:m9JO-CIDQJBzXStPgpEFA9g&enc=AQAEAAACQBPxNw%2BVj6nta7CKEs3N0qWRhLY8qSR0FjRt8cqqoTp6U8uprNTb7SwoAPmDm8aUsfJlc1snbQLUoarqF2tWoEUcl%2B3FnR5lbQZzD81z3xzeobtlS7NR10QoKRG%2FlDCbRlDKQ09zn1GxPqlntAi%2BSoEWRCRB5%2BlzpiS149FRQUTtcE0BzVZFK25w5dgQSb1QQ0TD0HUbGb4%2B83Yyfqjj4GCDmqDgdj6hQMGZAD%2FqyVjiIkJ45x6wI4VcHywL27evXquhDdfwfXxfsqEznWcxwbfGnfjl19CxaQwkC125csrs62caglFpQ3VgePlDMhaKHS0SYGmfikK6YxSgl0bhthyhEF5hPm6VHyeTBnWajfZhdgH%2BgzXuyhimOLdv4ObPrD4%2BR%2FLI4ycTp2R6pDFJ%2B4SLDOTbVs2Ls9eR9jiOeYM8GckMByDx1r0d%2ByRMOicTmu2HJzsM8UldikDLw7Tf5IV1oGIe%2Bm%2FiSKYOvOMYtXZH6bQbVmEuDH9IRzm6cYPmekl06K2ksRzjWA23kyw3eNVCF1pzTeLF2VHFQKVBzJyk71TRhwDf%2FUfKKGQ%2BhSGieDSiKDMMoVMIObOay18KNuoqocUmiATyN8mAkuph6%2FHjDuje5lhIVcUmwjwa6KvN1TRDK%2B3dVKMW9XnsVUi%2FK2E483O%2BABytjP5cWGPoAhfmvUpKBVOUTqrdW4gQSqAheLjw1y34fONd26nHasAn%2Bq8BRi4p9HxDnXinBIrNc1%2FCMjQunSw0NOcXv1LUAy2t7w%3D%3D&checksum=383203553465cc9dd2e304b84f4390c820d5b6fe40a3&enc=AQAEAAACQBPxNw%2BVj6nta7CKEs3N0qWRhLY8qSR0FjRt8cqqoTp6U8uprNTb7SwoAPmDm8aUsfJlc1snbQLUoarqF2tWoEUcl%2B3FnR5lbQZzD81z3xzeobtlS7NR10QoKRG%2FlDCbRlDKQ09zn1GxPqlntAi%2BSoEWRCRB5%2BlzpiS149FRQUTtcE0BzVZFK25w5dgQSb1QQ0TD0HUbGb4%2B83Yyfqjj4GCDmqDgdj6hQMGZAD%2FqyVjiIkJ45x6wI4VcHywL27evXquhDdfwfXxfsqEznWcxwbfGnfjl19CxaQwkC125csrs62caglFpQ3VgePlDMhaKHS0SYGmfikK6YxSgl0bhthyhEF5hPm6VHyeTBnWajfZhdgH%2BgzXuyhimOLdv4ObPrD4%2BR%2FLI4ycTp2R6pDFJ%2B4SLDOTbVs2Ls9eR9jiOeYM8GckMByDx1r0d%2ByRMOicTmu2HJzsM8UldikDLw7Tf5IV1oGIe%2Bm%2FiSKYOvOMYtXZH6bQbVmEuDH9IRzm6cYPmekl06K2ksRzjWA23kyw3eNVCF1pzTeLF2VHFQKVBzJyk71TRhwDf%2FUfKKGQ%2BhSGieDSiKDMMoVMIObOay18KNuoqocUmiATyN8mAkuph6%2FHjDuje5lhIVcUmwjwa6KvN1TRDK%2B3dVKMW9XnsVUi%2FK2E483O%2BABytjP5cWGPoAhfmvUpKBVOUTqrdW4gQSqAheLjw1y34fONd26nHasAn%2Bq8BRi4p9HxDnXinBIrNc1%2FCMjQunSw0NOcXv1LUAy2t7w%3D%3D&checksum=383203553465cc9dd2e304b84f4390c820d5b6fe40a3
Details about   Kenneth Cole Unlisted Mens Stainless Steel Watch UL 77612,$26.95,US,584,https://www.ebay.com/itm/Kenneth-Cole-Unlisted-Mens-Stainless-Steel-Watch-UL-77612/273049037154?_trkparms=ispr%3D1&hash=item3f92fda962:g:fDwAAOSwKtlWtjSn:sc:USPSFirstClass!40291!US!-1&enc=AQAEAAACQBPxNw%2BVj6nta7CKEs3N0qWHXGJx0PCLIsBiVACulgpLKF4D2Pmws%2BnxojZ1LUtOSwtAmwJz7jNh61CY5AAQm2UuABbrKospn%2FIS%2BqsbCLQq2b6ucXcHDB%2BwcHX8EOMXMZ73HMoVHrlWOIYn5wjmbA2B6J13lFMTs6PIguogapqaUCe9XOtvp8LNBnedIrN800Bc7dAEXenFJGGbDD6wHk%2F3uAyAQj4xn2ip5YwxOvR6NgRGSu%2BOsGaxER7GFiUMsgS%2Bqe4h5l5%2FbBoWzk2uGjBRhu8QwlI%2F%2FO5J9oF6zQonXDe72Q9PU%2B9VhKmP0KgGzjdeCBYG0PdQXKntF0pYGT1BqiSAtNhjMMTqoOCLmwkN1DM81G9CM1AFg3ND6QqosBXzOe5P6y2dPe7zoTY3XBQyQP2BTN4aaxolWJKDT6hgWIa3N%2Fz7ABJzrDxPqJ8byfFt%2BquzgrO6aWEXRFPBX6SSrmYmU7PJzgK2lGAIGSB9AZ%2BL9ECdQjC0X2Z6%2BiTVwdd2ah37rntTwmvYDUuN7r4VA8%2F3E%2BuczUAD7wTwnHlX5Azc7Kit5MdlRSRWvcaKZhBVSbLQ93ElGgLvyqepEaC3TZ8eUjRSnJui0XNGhdQnhAA2QriQAhbBJernVXFCIOx4oVMMozVBuXP2YKhbr45aNNtbO%2Fzotll9iVgpFJcDa1ES0OTe%2BWaM2CBv412W6NO6W3NDAnPoc6tCh1jsHokr61tI2mOdERaVY5jrbBM%2Fpw9%2BU1ZbU5wNAmlMKRA6cg%3D%3D&checksum=273049037154cc9dd2e304b84f4390c820d5b6fe40a3&enc=AQAEAAACQBPxNw%2BVj6nta7CKEs3N0qWHXGJx0PCLIsBiVACulgpLKF4D2Pmws%2BnxojZ1LUtOSwtAmwJz7jNh61CY5AAQm2UuABbrKospn%2FIS%2BqsbCLQq2b6ucXcHDB%2BwcHX8EOMXMZ73HMoVHrlWOIYn5wjmbA2B6J13lFMTs6PIguogapqaUCe9XOtvp8LNBnedIrN800Bc7dAEXenFJGGbDD6wHk%2F3uAyAQj4xn2ip5YwxOvR6NgRGSu%2BOsGaxER7GFiUMsgS%2Bqe4h5l5%2FbBoWzk2uGjBRhu8QwlI%2F%2FO5J9oF6zQonXDe72Q9PU%2B9VhKmP0KgGzjdeCBYG0PdQXKntF0pYGT1BqiSAtNhjMMTqoOCLmwkN1DM81G9CM1AFg3ND6QqosBXzOe5P6y2dPe7zoTY3XBQyQP2BTN4aaxolWJKDT6hgWIa3N%2Fz7ABJzrDxPqJ8byfFt%2BquzgrO6aWEXRFPBX6SSrmYmU7PJzgK2lGAIGSB9AZ%2BL9ECdQjC0X2Z6%2BiTVwdd2ah37rntTwmvYDUuN7r4VA8%2F3E%2BuczUAD7wTwnHlX5Azc7Kit5MdlRSRWvcaKZhBVSbLQ93ElGgLvyqepEaC3TZ8eUjRSnJui0XNGhdQnhAA2QriQAhbBJernVXFCIOx4oVMMozVBuXP2YKhbr45aNNtbO%2Fzotll9iVgpFJcDa1ES0OTe%2BWaM2CBv412W6NO6W3NDAnPoc6tCh1jsHokr61tI2mOdERaVY5jrbBM%2Fpw9%2BU1ZbU5wNAmlMKRA6cg%3D%3D&checksum=273049037154cc9dd2e304b84f4390c820d5b6fe40a3
