Details about   Men's Fashion Luxury Watch Stainless Steel Band Sport Analog Quartz Wristwatches,$12.99/ea,US,"1,550",https://www.ebay.com/itm/Mens-Fashion-Luxury-Watch-Stainless-Steel-Band-Sport-Analog-Quartz-Wristwatches/291811439713?_trkparms=ispr%3D1&hash=item43f1513461:m:mkSaGlxO_zwvsagujI2vQpQ&enc=AQAEAAACQBPxNw%2BVj6nta7CKEs3N0qUC7uJTjA0ZAK627dcmYhHYnNXp7c1j0o6LFLfF%2BHj0DO3ULTg4kuoNAGm42qW7E8ZcHI7ERQH78lhJ0rC8hdLHe9rtQGZRgj3ZO6HbzQB4eGX%2B4pEXVZhZurpQXDyVzvgVNkcBpON3WXFxUg99htjRSPlviDXOjahRUKq%2FB5a4y6LbGq2%2FS%2BbnHZsivLYSfNEGFsU%2BwU7hgLOipYV6CRRT%2B2Rp7gUqkApZ1iPcLdLtBhBKXMCoXiwD7ElANs28EY6cl%2Buw0HqruBkL4cLypr9N2BCcJj3nsB3b0%2FCLj5JBTLAnfHZXNNhBC2%2B7%2F3WGSDApyam19jDFbRgU%2B1DiFU9YWBaFXbyD8I5i3Y7iYVXgkzV0bwKgC%2Fu1L1duOxdBgII1WBmb6G01xE3qCA3CVGAam%2FatG47pZrHDfWYR6tLKBuu4szbMH1YcJy1FcYIkCALMdOAbiJqRAZtpz6yE6LsjeOiLPWh4o4QguOZEmG6DGov%2BFMXmFOWb3kTql%2Fhr3iv2uiXU4rqTuFMGBy17DbqdSiLHE6ferBAWSlQ1TgMCJhfX6vuK1v2wZsktMr%2FXlmHmEdjP2CewVPQ34qvUoSDO3hLcwKCcp60KHCfl4mLF1prbJGLORnbBRDUmpBR0we5Fnyzl5oX8hBtrwJbJxwGkFUqOlS3h%2BtC7%2FNOz9vLsyTvjc%2BZOUXoQBgfKAl6WqP9TqppyZJHq7MW%2B5ev%2BFkHDOm348VEZXKNZsQPG8pDQIA%3D%3D&checksum=2918114397131501f8a4f80e45fe92a3c8cbd6aa0bad&enc=AQAEAAACQBPxNw%2BVj6nta7CKEs3N0qUC7uJTjA0ZAK627dcmYhHYnNXp7c1j0o6LFLfF%2BHj0DO3ULTg4kuoNAGm42qW7E8ZcHI7ERQH78lhJ0rC8hdLHe9rtQGZRgj3ZO6HbzQB4eGX%2B4pEXVZhZurpQXDyVzvgVNkcBpON3WXFxUg99htjRSPlviDXOjahRUKq%2FB5a4y6LbGq2%2FS%2BbnHZsivLYSfNEGFsU%2BwU7hgLOipYV6CRRT%2B2Rp7gUqkApZ1iPcLdLtBhBKXMCoXiwD7ElANs28EY6cl%2Buw0HqruBkL4cLypr9N2BCcJj3nsB3b0%2FCLj5JBTLAnfHZXNNhBC2%2B7%2F3WGSDApyam19jDFbRgU%2B1DiFU9YWBaFXbyD8I5i3Y7iYVXgkzV0bwKgC%2Fu1L1duOxdBgII1WBmb6G01xE3qCA3CVGAam%2FatG47pZrHDfWYR6tLKBuu4szbMH1YcJy1FcYIkCALMdOAbiJqRAZtpz6yE6LsjeOiLPWh4o4QguOZEmG6DGov%2BFMXmFOWb3kTql%2Fhr3iv2uiXU4rqTuFMGBy17DbqdSiLHE6ferBAWSlQ1TgMCJhfX6vuK1v2wZsktMr%2FXlmHmEdjP2CewVPQ34qvUoSDO3hLcwKCcp60KHCfl4mLF1prbJGLORnbBRDUmpBR0we5Fnyzl5oX8hBtrwJbJxwGkFUqOlS3h%2BtC7%2FNOz9vLsyTvjc%2BZOUXoQBgfKAl6WqP9TqppyZJHq7MW%2B5ev%2BFkHDOm348VEZXKNZsQPG8pDQIA%3D%3D&checksum=2918114397131501f8a4f80e45fe92a3c8cbd6aa0bad
Details about   Luxury Mens Stainless Steel Gold Tone Skeleton Automatic Mechanical Wrist Watch,$21.99/ea,US,"1,444",https://www.ebay.com/itm/Luxury-Mens-Stainless-Steel-Gold-Tone-Skeleton-Automatic-Mechanical-Wrist-Watch/292563147033?_trkparms=ispr%3D1&hash=item441e1f5919:g:Nx8AAOSwk9pdZO1q&enc=AQAEAAACQBPxNw%2BVj6nta7CKEs3N0qVe5sMjk9uDwr2szatij%2FYrxVjpdMlD%2BG9q8znMSZihvJ4nAe7fxl6QzSa8x78QkNGviwLNHI92O6%2FkmduDt8vZ5K5hMfIjVekfZTATwMVezhhH3lzbtXrW631lEflp146LUmQ8KP35HaSr0ZzksjvkNPhahCkj8Cf7qdFwaSsjOZQFNKFkfhEBWgRec7vixzn9HPMViXKfK5slBdYTb2QcDaDQ4bai4f89uyjcbrgOTxkqLmM9L7uffMPg4GwHKQdE9YBI%2FuvwQgKPDKyOqDSSm7To0D4e1LUU1ifb4iW4CaN3yQ9gjqH5zqEy1taaVDdJCJPainpYT21ayw%2Bsi2qIvZU6oIRyiufzLwRXUYISpQGosx6oz%2FCqK%2Bad1Inx%2FKW2h%2B0HB%2BS4tfRvJjDyUKwde98Gev8RmL05ka1c%2FgnFEphgS4ayXdwNvEbvwWmsJYKo1tCXLT3mYqdhOu4HqT5tisLq6MbgSSl7Vri0g9Br8%2FMJhSP%2FrZrf%2BuTLkdGfZjc7ouhvurEBvkUKdACBmtJtQK8BpO%2BieAH8UUHxH4%2Foz6R4DSrF5ne1dqeMpHVFyrBAV3wlsPKnfXi5c%2BpZJ6uaXV2XEKFULLws10EC%2F%2Fhg5iYdFXzQgL6Ilmse6%2BTIKZPF54adGV5t3Rqp9eSQl9w3um2OIScHENHacqE6b6bmkXcpAFDxDqI0%2FGusqCOnlqKiP%2BDmEMuO2t4hCTgbl0%2BcOuFIikt2%2FuVDZNAKdCpY0Q%3D%3D&checksum=2925631470331501f8a4f80e45fe92a3c8cbd6aa0bad&enc=AQAEAAACQBPxNw%2BVj6nta7CKEs3N0qVe5sMjk9uDwr2szatij%2FYrxVjpdMlD%2BG9q8znMSZihvJ4nAe7fxl6QzSa8x78QkNGviwLNHI92O6%2FkmduDt8vZ5K5hMfIjVekfZTATwMVezhhH3lzbtXrW631lEflp146LUmQ8KP35HaSr0ZzksjvkNPhahCkj8Cf7qdFwaSsjOZQFNKFkfhEBWgRec7vixzn9HPMViXKfK5slBdYTb2QcDaDQ4bai4f89uyjcbrgOTxkqLmM9L7uffMPg4GwHKQdE9YBI%2FuvwQgKPDKyOqDSSm7To0D4e1LUU1ifb4iW4CaN3yQ9gjqH5zqEy1taaVDdJCJPainpYT21ayw%2Bsi2qIvZU6oIRyiufzLwRXUYISpQGosx6oz%2FCqK%2Bad1Inx%2FKW2h%2B0HB%2BS4tfRvJjDyUKwde98Gev8RmL05ka1c%2FgnFEphgS4ayXdwNvEbvwWmsJYKo1tCXLT3mYqdhOu4HqT5tisLq6MbgSSl7Vri0g9Br8%2FMJhSP%2FrZrf%2BuTLkdGfZjc7ouhvurEBvkUKdACBmtJtQK8BpO%2BieAH8UUHxH4%2Foz6R4DSrF5ne1dqeMpHVFyrBAV3wlsPKnfXi5c%2BpZJ6uaXV2XEKFULLws10EC%2F%2Fhg5iYdFXzQgL6Ilmse6%2BTIKZPF54adGV5t3Rqp9eSQl9w3um2OIScHENHacqE6b6bmkXcpAFDxDqI0%2FGusqCOnlqKiP%2BDmEMuO2t4hCTgbl0%2BcOuFIikt2%2FuVDZNAKdCpY0Q%3D%3D&checksum=2925631470331501f8a4f80e45fe92a3c8cbd6aa0bad
Details about   Men Military Army Green Analog Digital Quartz Nylon Canvas Wrist Watch Sport US,$16.64,US,"5,239",https://www.ebay.com/itm/Men-Military-Army-Green-Analog-Digital-Quartz-Nylon-Canvas-Wrist-Watch-Sport-US/142464510312?_trkparms=ispr%3D1&hash=item212b8be968:g:8YMAAOSwXrdZ7qr8:sc:USPSFirstClass!40223!US!-1&enc=AQAEAAACQBPxNw%2BVj6nta7CKEs3N0qW25gt0Xf8NPNCRNg2h4AtLnkEZMweAzmlwkAJgwUOQ26TgLPu3bWtQriPKQTprVQhtP6imlhlsTcS05vFmZkmySnsu03qSv82yAoRRSV%2B01quB6B3xIf0Hrg8EkbrIMdbK9VpaExeXny8nscIqqaPTNnuvau3SCbG1LCH%2FsEfOtSq%2B4fDGzekCDM8XVCIJJGJHoZqFcIC%2F%2FNfCEVXxVsiDZSX2hw5Nn1JEXriFK16ql7MhMoOfi%2Fd7GvCLQi8T0x5lU7fuMf18aPtD%2BgX84QcNiNcTOT8yL9s%2BkQEm0kPwjzt6k8V2%2BYmOdh%2B5SoYl%2Fl%2FOzZcCKV0cKhZjybQmXlPH8qmw4kau4Ewe7vIPtAaqSIhITDiml1b5ABF7WC7t1d2eGOP2SwB1CDZAt6%2BjvEbOxH1WrZ206%2BYLm5H0rUh9hBTnbehSfXZGNUQJT3zrxfcEYGnxvdH7qf%2FYnqB3iwDwQN%2FGbUUzJUMhXfhdN7m3N6i4vYmQxMhOebRDMloyxhTMipFLTOB2bbpO%2Fl%2FDxPXzjBnFbRFewiM9kLiGMwrZs2fMNCcs12Pt6Qe69TzT5fDw3NddyyuvQNf4Y%2F9J0HPkoBRgt1fDk2%2FzTRmaCGAxbn20NC0%2BWBXZ%2BXNGs1XmSD9OCSJECvBJsBJ1C8l%2F1xsLBXBsEEx8gIBkQOQccazJVWDuDr4eixP%2BJd54HWMJ4ObY9%2FjLZGcAqrGoJKuqYOiFd26hsWDd70n9EANuW%2B9oNA%3D%3D&checksum=1424645103121501f8a4f80e45fe92a3c8cbd6aa0bad&enc=AQAEAAACQBPxNw%2BVj6nta7CKEs3N0qW25gt0Xf8NPNCRNg2h4AtLnkEZMweAzmlwkAJgwUOQ26TgLPu3bWtQriPKQTprVQhtP6imlhlsTcS05vFmZkmySnsu03qSv82yAoRRSV%2B01quB6B3xIf0Hrg8EkbrIMdbK9VpaExeXny8nscIqqaPTNnuvau3SCbG1LCH%2FsEfOtSq%2B4fDGzekCDM8XVCIJJGJHoZqFcIC%2F%2FNfCEVXxVsiDZSX2hw5Nn1JEXriFK16ql7MhMoOfi%2Fd7GvCLQi8T0x5lU7fuMf18aPtD%2BgX84QcNiNcTOT8yL9s%2BkQEm0kPwjzt6k8V2%2BYmOdh%2B5SoYl%2Fl%2FOzZcCKV0cKhZjybQmXlPH8qmw4kau4Ewe7vIPtAaqSIhITDiml1b5ABF7WC7t1d2eGOP2SwB1CDZAt6%2BjvEbOxH1WrZ206%2BYLm5H0rUh9hBTnbehSfXZGNUQJT3zrxfcEYGnxvdH7qf%2FYnqB3iwDwQN%2FGbUUzJUMhXfhdN7m3N6i4vYmQxMhOebRDMloyxhTMipFLTOB2bbpO%2Fl%2FDxPXzjBnFbRFewiM9kLiGMwrZs2fMNCcs12Pt6Qe69TzT5fDw3NddyyuvQNf4Y%2F9J0HPkoBRgt1fDk2%2FzTRmaCGAxbn20NC0%2BWBXZ%2BXNGs1XmSD9OCSJECvBJsBJ1C8l%2F1xsLBXBsEEx8gIBkQOQccazJVWDuDr4eixP%2BJd54HWMJ4ObY9%2FjLZGcAqrGoJKuqYOiFd26hsWDd70n9EANuW%2B9oNA%3D%3D&checksum=1424645103121501f8a4f80e45fe92a3c8cbd6aa0bad
Details about   Casio Men's Quartz Multifunction Silver-Tone Bracelet 42mm Watch AE1200WHD-1A,$23.91,US,760,https://www.ebay.com/itm/Casio-Mens-Quartz-Multifunction-Silver-Tone-Bracelet-42mm-Watch-AE1200WHD-1A/183480552462?epid=11032705159&_trkparms=ispr%3D1&hash=item2ab84b0c0e:g:LmoAAOSwBgpbvo7g&enc=AQAEAAACQBPxNw%2BVj6nta7CKEs3N0qUeRJ89QtLnJ%2Ff60ESXlVlsgDHbe6la1vVoLKON01vU96uc35vBOQe2DkkubZ2q39GWSDwRCiG91WcGQ2B9mi1rUFjm9MqVgaEKdpiANgBf8h2ai%2FLAMJxA7Qw5uJ%2BLDGCEeDaPG2N5f8TANy4Y4UudXmG5KxkP%2FepIKdrsxizwat7YsnvoIfZe9chgAP%2BEnwYtSforP2CO1%2FHQcxxKhbIgJLA9ZrABp912d4YatI%2BgxuA5P7PyAlRHvUGSuUdStLwfX%2BB5glHa%2FIFCkfrXR59iLDWbo%2BLc9PaiuGfTHBTyb6zSmySpzagcy8FgZkz6gh4y9Pn%2F%2BmEneipbFGczHCocSRl3J76g3mZL6sn8RKYimR6NK1xAaGNs9afNKf7OwwSMBjJ%2F7lXsURrlBbrHiTi6Ol%2Bx%2Frm%2FeH9dnOPXp%2F3mQe61KV3sROzXfhWvskU7TA3D%2FRym00Udqfz5qpDopGAUUE73GpRIO0wKB4xd%2FBjS3aRoFcxBk%2FiqxTMdAXI%2BTZoHWXO5S6AefGbkEDr2Tao8r6e%2BhkbcXGl1%2B%2Bn4Q7IHgDXWwsn8gUsafHCIeWgaHoYdcGX3lLh5tt1WIBVEgI4cOtRIbxFF5dIuKGjYfqDr14vZkE2jRjWbygThI%2F1Iho6LWD%2BRoEiNoUFRyIsME%2B4221bBu0yHOEeb3dUQvOchzX0T1qbAiRZqI4wabd4t%2BGCLyEIEbN9A8KKNxReUeCnXQpN3xBNwMMSie%2BaOPHW9wQ%3D%3D&checksum=1834805524621501f8a4f80e45fe92a3c8cbd6aa0bad&enc=AQAEAAACQBPxNw%2BVj6nta7CKEs3N0qUeRJ89QtLnJ%2Ff60ESXlVlsgDHbe6la1vVoLKON01vU96uc35vBOQe2DkkubZ2q39GWSDwRCiG91WcGQ2B9mi1rUFjm9MqVgaEKdpiANgBf8h2ai%2FLAMJxA7Qw5uJ%2BLDGCEeDaPG2N5f8TANy4Y4UudXmG5KxkP%2FepIKdrsxizwat7YsnvoIfZe9chgAP%2BEnwYtSforP2CO1%2FHQcxxKhbIgJLA9ZrABp912d4YatI%2BgxuA5P7PyAlRHvUGSuUdStLwfX%2BB5glHa%2FIFCkfrXR59iLDWbo%2BLc9PaiuGfTHBTyb6zSmySpzagcy8FgZkz6gh4y9Pn%2F%2BmEneipbFGczHCocSRl3J76g3mZL6sn8RKYimR6NK1xAaGNs9afNKf7OwwSMBjJ%2F7lXsURrlBbrHiTi6Ol%2Bx%2Frm%2FeH9dnOPXp%2F3mQe61KV3sROzXfhWvskU7TA3D%2FRym00Udqfz5qpDopGAUUE73GpRIO0wKB4xd%2FBjS3aRoFcxBk%2FiqxTMdAXI%2BTZoHWXO5S6AefGbkEDr2Tao8r6e%2BhkbcXGl1%2B%2Bn4Q7IHgDXWwsn8gUsafHCIeWgaHoYdcGX3lLh5tt1WIBVEgI4cOtRIbxFF5dIuKGjYfqDr14vZkE2jRjWbygThI%2F1Iho6LWD%2BRoEiNoUFRyIsME%2B4221bBu0yHOEeb3dUQvOchzX0T1qbAiRZqI4wabd4t%2BGCLyEIEbN9A8KKNxReUeCnXQpN3xBNwMMSie%2BaOPHW9wQ%3D%3D&checksum=1834805524621501f8a4f80e45fe92a3c8cbd6aa0bad
Details about   Men's Fashion Luxury Watch Stainless Steel Band Sport Analog Quartz Wristwatches,$12.99/ea,US,"1,550",https://www.ebay.com/itm/Mens-Fashion-Luxury-Watch-Stainless-Steel-Band-Sport-Analog-Quartz-Wristwatches/291811439713?_trkparms=ispr%3D1&hash=item43f1513461:m:mkSaGlxO_zwvsagujI2vQpQ&enc=AQAEAAACQBPxNw%2BVj6nta7CKEs3N0qUC7uJTjA0ZAK627dcmYhHYnNXp7c1j0o6LFLfF%2BHj0DO3ULTg4kuoNAGm42qW7E8ZcHI7ERQH78lhJ0rC8hdLHe9rtQGZRgj3ZO6HbzQB4eGX%2B4pEXVZhZurpQXDyVzvgVNkcBpON3WXFxUg99htjRSPlviDXOjahRUKq%2FB5a4y6LbGq2%2FS%2BbnHZsivLYSfNEGFsU%2BwU7hgLOipYV6CRRT%2B2Rp7gUqkApZ1iPcLdLtBhBKXMCoXiwD7ElANs28EY6cl%2Buw0HqruBkL4cLypr9NW9c386oZufdYSDCC1cAaE2gWQmfmRQGd2L611g3redsxeV8g%2FKb05hHzwS%2B22GromxPIZW1GiBgrsXLGx%2F%2FgxjndtlSJL1eld89TBh3%2BGFPjgK6c8RSrA6s5l4xlsNUimgr4Thq0ufUBGF1pewdZGwFsXrklLDh%2FFmf86Anuj63lGuzTxRCrir8MVuGXi0Pab29L1zNVmTdpkpslUrI8XOvDaCJKbw6stGlkEaxE6NHokAn32073jHF0AGd1iGDR1sBNZYiidU6ZXuC0rWvEyfBLaAsR5umJ7GZQs9Hf7s87cD8I%2FPAnk8lYi9RLYNOT7do9wQMlb50gCd8zWUDrBQi4D1kVhP32iFw4xUuzks1vaHlSOAO3iv4JkDDppDC%2FmNwywoJka3boDWESLVdJ0Dij3GmSlSwvY612cJ27wJg0N5vh0w4ZygFo%2B0X%2FnDOGr2WQO2B0hgH0iBvK6p%2F%2BKg%3D%3D&checksum=29181143971392035d97de964c9781ace5b3e922c96f&enc=AQAEAAACQBPxNw%2BVj6nta7CKEs3N0qUC7uJTjA0ZAK627dcmYhHYnNXp7c1j0o6LFLfF%2BHj0DO3ULTg4kuoNAGm42qW7E8ZcHI7ERQH78lhJ0rC8hdLHe9rtQGZRgj3ZO6HbzQB4eGX%2B4pEXVZhZurpQXDyVzvgVNkcBpON3WXFxUg99htjRSPlviDXOjahRUKq%2FB5a4y6LbGq2%2FS%2BbnHZsivLYSfNEGFsU%2BwU7hgLOipYV6CRRT%2B2Rp7gUqkApZ1iPcLdLtBhBKXMCoXiwD7ElANs28EY6cl%2Buw0HqruBkL4cLypr9NW9c386oZufdYSDCC1cAaE2gWQmfmRQGd2L611g3redsxeV8g%2FKb05hHzwS%2B22GromxPIZW1GiBgrsXLGx%2F%2FgxjndtlSJL1eld89TBh3%2BGFPjgK6c8RSrA6s5l4xlsNUimgr4Thq0ufUBGF1pewdZGwFsXrklLDh%2FFmf86Anuj63lGuzTxRCrir8MVuGXi0Pab29L1zNVmTdpkpslUrI8XOvDaCJKbw6stGlkEaxE6NHokAn32073jHF0AGd1iGDR1sBNZYiidU6ZXuC0rWvEyfBLaAsR5umJ7GZQs9Hf7s87cD8I%2FPAnk8lYi9RLYNOT7do9wQMlb50gCd8zWUDrBQi4D1kVhP32iFw4xUuzks1vaHlSOAO3iv4JkDDppDC%2FmNwywoJka3boDWESLVdJ0Dij3GmSlSwvY612cJ27wJg0N5vh0w4ZygFo%2B0X%2FnDOGr2WQO2B0hgH0iBvK6p%2F%2BKg%3D%3D&checksum=29181143971392035d97de964c9781ace5b3e922c96f
Details about   Luxury Mens Stainless Steel Gold Tone Skeleton Automatic Mechanical Wrist Watch,$21.99/ea,US,"1,444",https://www.ebay.com/itm/Luxury-Mens-Stainless-Steel-Gold-Tone-Skeleton-Automatic-Mechanical-Wrist-Watch/292563147033?_trkparms=ispr%3D1&hash=item441e1f5919:g:Nx8AAOSwk9pdZO1q&enc=AQAEAAACQBPxNw%2BVj6nta7CKEs3N0qVe5sMjk9uDwr2szatij%2FYrxVjpdMlD%2BG9q8znMSZihvJ4nAe7fxl6QzSa8x78QkNGviwLNHI92O6%2FkmduDt8vZ5K5hMfIjVekfZTATwMVezhhH3lzbtXrW631lEflp146LUmQ8KP35HaSr0ZzksjvkNPhahCkj8Cf7qdFwaSsjOZQFNKFkfhEBWgRec7vixzn9HPMViXKfK5slBdYTb2QcDaDQ4bai4f89uyjcbrgOTxkqLmM9L7uffMPg4GwHKQdE9YBI%2FuvwQgKPDKyOqDSScrVysjFWTfkXZHMeoLNFC%2FjjPHlk8u8bSmROjSUyH9v5oV9CdOj%2FlcxMWTSy464JaTgdkNJ%2FQk2Ub2wRYlGGPHqrXWp2QFHx%2BH%2F2R24t2WbVQue8lQoVhUvUSwIW6j3pSqj1hKnlQfr5MQpoIkt0Zf0n9x9fXGBoRKotzBaoENzvP9nKzj%2FFGhKA34GdkaNfGJrohEieuRS21ptWBz1xfLf6vNwsQoA8IaBhtMlAT6oU85zqvsP0GA9gPzxnIoGUjXIOq7%2BRmVRF1xZMCak9V8B%2BQHue23bHEj1Pds82zX3NunhMC1XtPF3zhgOElS%2BzAeEBlu3ZjOtnuQSTp3noJsgO7C7N8qbsT1lKgoW5BVUTe4qLXAXAhnNRLpa%2FMYihcmT4PcRBsJrRH1weVodTlt9wpKBA4IYBrnh5TVdLQT2cA9e2MVVTh60S6Zx7twKb5xKTkCI3TluWgLbslCrXwg%3D%3D&checksum=29256314703392035d97de964c9781ace5b3e922c96f&enc=AQAEAAACQBPxNw%2BVj6nta7CKEs3N0qVe5sMjk9uDwr2szatij%2FYrxVjpdMlD%2BG9q8znMSZihvJ4nAe7fxl6QzSa8x78QkNGviwLNHI92O6%2FkmduDt8vZ5K5hMfIjVekfZTATwMVezhhH3lzbtXrW631lEflp146LUmQ8KP35HaSr0ZzksjvkNPhahCkj8Cf7qdFwaSsjOZQFNKFkfhEBWgRec7vixzn9HPMViXKfK5slBdYTb2QcDaDQ4bai4f89uyjcbrgOTxkqLmM9L7uffMPg4GwHKQdE9YBI%2FuvwQgKPDKyOqDSScrVysjFWTfkXZHMeoLNFC%2FjjPHlk8u8bSmROjSUyH9v5oV9CdOj%2FlcxMWTSy464JaTgdkNJ%2FQk2Ub2wRYlGGPHqrXWp2QFHx%2BH%2F2R24t2WbVQue8lQoVhUvUSwIW6j3pSqj1hKnlQfr5MQpoIkt0Zf0n9x9fXGBoRKotzBaoENzvP9nKzj%2FFGhKA34GdkaNfGJrohEieuRS21ptWBz1xfLf6vNwsQoA8IaBhtMlAT6oU85zqvsP0GA9gPzxnIoGUjXIOq7%2BRmVRF1xZMCak9V8B%2BQHue23bHEj1Pds82zX3NunhMC1XtPF3zhgOElS%2BzAeEBlu3ZjOtnuQSTp3noJsgO7C7N8qbsT1lKgoW5BVUTe4qLXAXAhnNRLpa%2FMYihcmT4PcRBsJrRH1weVodTlt9wpKBA4IYBrnh5TVdLQT2cA9e2MVVTh60S6Zx7twKb5xKTkCI3TluWgLbslCrXwg%3D%3D&checksum=29256314703392035d97de964c9781ace5b3e922c96f
Details about   Men Military Army Green Analog Digital Quartz Nylon Canvas Wrist Watch Sport US,$16.64,US,"5,239",https://www.ebay.com/itm/Men-Military-Army-Green-Analog-Digital-Quartz-Nylon-Canvas-Wrist-Watch-Sport-US/142464510312?_trkparms=ispr%3D1&hash=item212b8be968:g:8YMAAOSwXrdZ7qr8:sc:USPSFirstClass!40223!US!-1&enc=AQAEAAACQBPxNw%2BVj6nta7CKEs3N0qW25gt0Xf8NPNCRNg2h4AtLnkEZMweAzmlwkAJgwUOQ26TgLPu3bWtQriPKQTprVQhtP6imlhlsTcS05vFmZkmySnsu03qSv82yAoRRSV%2B01quB6B3xIf0Hrg8EkbrIMdbK9VpaExeXny8nscIqqaPTNnuvau3SCbG1LCH%2FsEfOtSq%2B4fDGzekCDM8XVCIJJGJHoZqFcIC%2F%2FNfCEVXxVsiDZSX2hw5Nn1JEXriFK16ql7MhMoOfi%2Fd7GvCLQi8T0x5lU7fuMf18aPtD%2BgX84QcN6wi%2BNKWpy6wSliJ3s%2BhimmKCMJWjmFnGTshDF5Fk6A%2FoQnZGOBgWMR%2B6nJhEAanpjR69GBWOuRJftYG4sHmQB3aGn%2BN0EPLpISXf6CZEYCBRzb2OArGnsVQUiFWc8D0fpD6Fl9%2BOAGxEdTXqPwnwiIcfVaU4pk%2BTS3hiSnuOGE9Sj1OnkYOKxuPGXgXY3ITzbUW71mDjMivc8anIxZ%2BG8bEJrJrR13t5dFSygO%2Bp6kpqpWaa%2F8zKwOslZnyTMly%2BzvrcW3NIeRrzchkFc%2BzJbd7y4jq3bpnbNYO%2FFd46XD8PFEfVHXuAf9dA2tmXA62mKV6NPfS8bQjvBSnxEHmucQFGBhMCbQ78%2FPtIlF1VjPLN%2Fa9LOtZVxoJKyTs410TwSXJhkIAln%2F4kRgbjjXYOH%2F03DZZZuhqqxMiCCbPDYI2ViLzViz3M%2Bk46GwlX4kig%2F7vyZsFQt2NWqiG9xOY7pA%3D%3D&checksum=14246451031292035d97de964c9781ace5b3e922c96f&enc=AQAEAAACQBPxNw%2BVj6nta7CKEs3N0qW25gt0Xf8NPNCRNg2h4AtLnkEZMweAzmlwkAJgwUOQ26TgLPu3bWtQriPKQTprVQhtP6imlhlsTcS05vFmZkmySnsu03qSv82yAoRRSV%2B01quB6B3xIf0Hrg8EkbrIMdbK9VpaExeXny8nscIqqaPTNnuvau3SCbG1LCH%2FsEfOtSq%2B4fDGzekCDM8XVCIJJGJHoZqFcIC%2F%2FNfCEVXxVsiDZSX2hw5Nn1JEXriFK16ql7MhMoOfi%2Fd7GvCLQi8T0x5lU7fuMf18aPtD%2BgX84QcN6wi%2BNKWpy6wSliJ3s%2BhimmKCMJWjmFnGTshDF5Fk6A%2FoQnZGOBgWMR%2B6nJhEAanpjR69GBWOuRJftYG4sHmQB3aGn%2BN0EPLpISXf6CZEYCBRzb2OArGnsVQUiFWc8D0fpD6Fl9%2BOAGxEdTXqPwnwiIcfVaU4pk%2BTS3hiSnuOGE9Sj1OnkYOKxuPGXgXY3ITzbUW71mDjMivc8anIxZ%2BG8bEJrJrR13t5dFSygO%2Bp6kpqpWaa%2F8zKwOslZnyTMly%2BzvrcW3NIeRrzchkFc%2BzJbd7y4jq3bpnbNYO%2FFd46XD8PFEfVHXuAf9dA2tmXA62mKV6NPfS8bQjvBSnxEHmucQFGBhMCbQ78%2FPtIlF1VjPLN%2Fa9LOtZVxoJKyTs410TwSXJhkIAln%2F4kRgbjjXYOH%2F03DZZZuhqqxMiCCbPDYI2ViLzViz3M%2Bk46GwlX4kig%2F7vyZsFQt2NWqiG9xOY7pA%3D%3D&checksum=14246451031292035d97de964c9781ace5b3e922c96f
Details about   Casio G-shock Men's Black Out Series Analog Digital watch G100BB-1A,$61.07,US,,https://www.ebay.com/itm/Casio-G-shock-Mens-Black-Out-Series-Analog-Digital-watch-G100BB-1A/232811726486?epid=25028305797&_trkparms=ispr%3D1&hash=item3634a90696:g:DcEAAOSwtNFbKQxP&enc=AQAEAAACQBPxNw%2BVj6nta7CKEs3N0qXdZs%2F0FliTDYBekfGZzp2EohPWt2%2FOG4Mt6%2BeovA9c1l4Pv%2Fus98iLEPH0Uz8YiXFg9Gkp9VkXUQzWi4keCcIYlbid2GWWQxcXPz2RAGvYamTmhOgB0xwoUoWzG13tmanidMx%2B%2BS%2B3PBshk6wm5DMwR6dVBUwK2BlskeDjxK%2B76jDFkAd2Nwvq8Y4NM931H%2FfWVsTO%2Fa9HmG%2FXHY5ZRQIP0K4kIPk3Coc8wWC6w9xjbXQD5BL366kZQSqpPYd5ctjYcS%2FI5Qar85vy6S7jhLo0gRIsG2Wdq0J5mVYUAyO%2FxxIKmWF7y7%2Bq%2BT67vGzYFWHcMK7DiKI%2BWAjDKi46m%2FjQKJXCdH1%2FyUwxbhpHuNO%2BSA0NhuZfqV%2BOQ6Jg1C0nDiHj3OvVbZo%2BwZst3vqU2OAm1RJyPv0J%2FAQZVeXQ4MOuWqmtfj7dtNrRh%2BEIDpVgb9161zHBS9Ds1MRJjuZgy9XIeB0MbZj3RLQZe%2FMpKUvDnvipfRYC%2BIG%2BZgp6vYrvSf%2F5iiRv%2B0BqjPMYaztoLzBsyl%2F0pUvpyNW%2FdN8Bkpv%2Btw%2Fb%2BA2Dkz6SI1BK9omVgtmk6c07oXJqbdajNO1Iiw74J4DDaIEBMJd8E%2FDqNeE7Kmuk%2FHtoOMur3t0%2BpacmxKmH3YXSizVD6XFUGHjcq1HluMCMhOf2PaZxtrTAuphdCfb9oZ9pmhP%2Bp7kg%2FVSi54fBSpmka283qcntWK%2Bw%2BuNCeh04I268twYtr81KeSmf0A%3D%3D&checksum=23281172648692035d97de964c9781ace5b3e922c96f&enc=AQAEAAACQBPxNw%2BVj6nta7CKEs3N0qXdZs%2F0FliTDYBekfGZzp2EohPWt2%2FOG4Mt6%2BeovA9c1l4Pv%2Fus98iLEPH0Uz8YiXFg9Gkp9VkXUQzWi4keCcIYlbid2GWWQxcXPz2RAGvYamTmhOgB0xwoUoWzG13tmanidMx%2B%2BS%2B3PBshk6wm5DMwR6dVBUwK2BlskeDjxK%2B76jDFkAd2Nwvq8Y4NM931H%2FfWVsTO%2Fa9HmG%2FXHY5ZRQIP0K4kIPk3Coc8wWC6w9xjbXQD5BL366kZQSqpPYd5ctjYcS%2FI5Qar85vy6S7jhLo0gRIsG2Wdq0J5mVYUAyO%2FxxIKmWF7y7%2Bq%2BT67vGzYFWHcMK7DiKI%2BWAjDKi46m%2FjQKJXCdH1%2FyUwxbhpHuNO%2BSA0NhuZfqV%2BOQ6Jg1C0nDiHj3OvVbZo%2BwZst3vqU2OAm1RJyPv0J%2FAQZVeXQ4MOuWqmtfj7dtNrRh%2BEIDpVgb9161zHBS9Ds1MRJjuZgy9XIeB0MbZj3RLQZe%2FMpKUvDnvipfRYC%2BIG%2BZgp6vYrvSf%2F5iiRv%2B0BqjPMYaztoLzBsyl%2F0pUvpyNW%2FdN8Bkpv%2Btw%2Fb%2BA2Dkz6SI1BK9omVgtmk6c07oXJqbdajNO1Iiw74J4DDaIEBMJd8E%2FDqNeE7Kmuk%2FHtoOMur3t0%2BpacmxKmH3YXSizVD6XFUGHjcq1HluMCMhOf2PaZxtrTAuphdCfb9oZ9pmhP%2Bp7kg%2FVSi54fBSpmka283qcntWK%2Bw%2BuNCeh04I268twYtr81KeSmf0A%3D%3D&checksum=23281172648692035d97de964c9781ace5b3e922c96f
Details about   Casio Men's Quartz Multifunction Silver-Tone Bracelet 42mm Watch AE1200WHD-1A,$23.91,US,760,https://www.ebay.com/itm/Casio-Mens-Quartz-Multifunction-Silver-Tone-Bracelet-42mm-Watch-AE1200WHD-1A/183480552462?epid=11032705159&_trkparms=ispr%3D1&hash=item2ab84b0c0e:g:LmoAAOSwBgpbvo7g&enc=AQAEAAACQBPxNw%2BVj6nta7CKEs3N0qUeRJ89QtLnJ%2Ff60ESXlVlsgDHbe6la1vVoLKON01vU96uc35vBOQe2DkkubZ2q39GWSDwRCiG91WcGQ2B9mi1rUFjm9MqVgaEKdpiANgBf8h2ai%2FLAMJxA7Qw5uJ%2BLDGCEeDaPG2N5f8TANy4Y4UudXmG5KxkP%2FepIKdrsxizwat7YsnvoIfZe9chgAP%2BEnwYtSforP2CO1%2FHQcxxKhbIgJLA9ZrABp912d4YatI%2BgxuA5P7PyAlRHvUGSuUdStLwfX%2BB5glHa%2FIFCkfrXR59iUUkqRe1%2F3kIne15xTKCbYlTAETJ3pXheK3THWhqHfMHwgdr9mNMSGX2IVm6pZzLetihZIJkHpICFlbHYTwP4kfwBNDidzUhpmzvNi%2FQz6eu4ACxfftfDgxaiChvxHQ7bGq%2BOBcINpQn4KWGVAvuxAVZF9wUrXS9eQBL46oOCXLMJhjKaBaAe%2BWbtGTIsLfOvgTzIBf69rYeRQFDoNAS3JxWe3Gq68x%2F4247agt8MLKhH4Y4dh8GhotJFHvlpsrfWrbXVZwCnV%2BokDUXTXGET%2BRyLqQv1umGjFNi6wgS%2F4XRldbdefn1miijQTjVk%2FKpgsDipC0LR4VPFqDqlWnEl1IWJ7KmuJ31wE%2BhoBKOi2wYdkpccPwfUuDp6QE6mPmub20X7cOj1hKdgy488kZWYkotyHfBKL7mjt6aoQ5MmsLAEQDaX3QDvb1mnFp8nvjAR3%2FdxnY5JT3W1mQLUkr9dxg%3D%3D&checksum=18348055246292035d97de964c9781ace5b3e922c96f&enc=AQAEAAACQBPxNw%2BVj6nta7CKEs3N0qUeRJ89QtLnJ%2Ff60ESXlVlsgDHbe6la1vVoLKON01vU96uc35vBOQe2DkkubZ2q39GWSDwRCiG91WcGQ2B9mi1rUFjm9MqVgaEKdpiANgBf8h2ai%2FLAMJxA7Qw5uJ%2BLDGCEeDaPG2N5f8TANy4Y4UudXmG5KxkP%2FepIKdrsxizwat7YsnvoIfZe9chgAP%2BEnwYtSforP2CO1%2FHQcxxKhbIgJLA9ZrABp912d4YatI%2BgxuA5P7PyAlRHvUGSuUdStLwfX%2BB5glHa%2FIFCkfrXR59iUUkqRe1%2F3kIne15xTKCbYlTAETJ3pXheK3THWhqHfMHwgdr9mNMSGX2IVm6pZzLetihZIJkHpICFlbHYTwP4kfwBNDidzUhpmzvNi%2FQz6eu4ACxfftfDgxaiChvxHQ7bGq%2BOBcINpQn4KWGVAvuxAVZF9wUrXS9eQBL46oOCXLMJhjKaBaAe%2BWbtGTIsLfOvgTzIBf69rYeRQFDoNAS3JxWe3Gq68x%2F4247agt8MLKhH4Y4dh8GhotJFHvlpsrfWrbXVZwCnV%2BokDUXTXGET%2BRyLqQv1umGjFNi6wgS%2F4XRldbdefn1miijQTjVk%2FKpgsDipC0LR4VPFqDqlWnEl1IWJ7KmuJ31wE%2BhoBKOi2wYdkpccPwfUuDp6QE6mPmub20X7cOj1hKdgy488kZWYkotyHfBKL7mjt6aoQ5MmsLAEQDaX3QDvb1mnFp8nvjAR3%2FdxnY5JT3W1mQLUkr9dxg%3D%3D&checksum=18348055246292035d97de964c9781ace5b3e922c96f
Details about   Invicta Men's 50mm Pro Diver SCUBA Chrono Blue Fiber Glass Gold Tone 2Tone Watch,$79.79,US,,https://www.ebay.com/itm/Invicta-Mens-50mm-Pro-Diver-SCUBA-Chrono-Blue-Fiber-Glass-Gold-Tone-2Tone-Watch/303024882962?epid=25032156926&hash=item468db0c512:g:X08AAOSwq6VcNss7
Details about   Seiko SNE-109 Wrist Watch For Men Solar Divers NO RESERVE,$159.95,US,,https://www.ebay.com/itm/Seiko-SNE-109-Wrist-Watch-For-Men-Solar-Divers-NO-RESERVE/254413192124?hash=item3b3c353bbc:g:qJ0AAOSw0j5dww~2
Details about   Invicta Men's Pro Diver Stainless Steel 43mm Quartz Watch 30609-30618,$45.99,US,186,https://www.ebay.com/itm/Invicta-Mens-Pro-Diver-Stainless-Steel-43mm-Quartz-Watch-30609-30618/133224249944?hash=item1f04c8ba58:m:m1FawEVJHqtxtSfuVnMJntw
Details about   Casio G-Shock Digital Anti-Magnetic Black Mens Watch GA110GB-1A,$69.99,US,291,https://www.ebay.com/itm/Casio-G-Shock-Digital-Anti-Magnetic-Black-Mens-Watch-GA110GB-1A/254255393571?epid=144489797&hash=item3b32cd6b23:g:sVoAAOSwOolc9RjD
Details about   Bulova Precisionist Men's Quartz Chronograph Silver-Tone Bracelet Watch 96B175,$229.99,US,584,https://www.ebay.com/itm/Bulova-Precisionist-Mens-Quartz-Chronograph-Silver-Tone-Bracelet-Watch-96B175/302947155184?epid=219528690&hash=item46890ebcf0:g:sDIAAOSweX5b2dKT:sc:FedExHomeDelivery!40223!US!-1
Details about   NEW Invicta Mens Pro Diver Scuba Chronograph 18KT Gold Plated Stainless St Watch,$79.49,US,,https://www.ebay.com/itm/NEW-Invicta-Mens-Pro-Diver-Scuba-Chronograph-18KT-Gold-Plated-Stainless-St-Watch/142923399289?epid=710172863&hash=item2146e60079:g:eH4AAOSwcRZbifJR:sc:USPSPriority!40223!US!-1
Details about   NEW Invicta Mens 18K Gold Plated Stainless Steel Swiss Chronograph Capsule Watch,$129.99,US,,https://www.ebay.com/itm/NEW-Invicta-Mens-18K-Gold-Plated-Stainless-Steel-Swiss-Chronograph-Capsule-Watch/143396618170?epid=17034686576&hash=item21631abfba:g:QgYAAOSwaF5djubw:sc:USPSPriority!40223!US!-1
Details about   Bulova Men's Automatic Skeleton Exhibition Caseback Brown 42mm Watch 96A120,$174.99,US,69,https://www.ebay.com/itm/Bulova-Mens-Automatic-Skeleton-Exhibition-Caseback-Brown-42mm-Watch-96A120/113928079285?epid=178754519&hash=item1a86a487b5:g:rxcAAOSwrrldqb5F:sc:FedExHomeDelivery!40223!US!-1
Details about   CASIO DW9052-1V Mens Classic G-SHOCK Black Resin Digital Chronograph Sport Watch,$40.89,US,597,https://www.ebay.com/itm/CASIO-DW9052-1V-Mens-Classic-G-SHOCK-Black-Resin-Digital-Chronograph-Sport-Watch/254136341292?epid=86072513&hash=item3b2bb4d32c:g:UrYAAOSwFdtX1sD5
Details about   Luxury Men's Analog Date Slim Mesh Stainless Steel Dress Wrist Watch Waterproof,$12.99,US,"2,753",https://www.ebay.com/itm/Luxury-Mens-Analog-Date-Slim-Mesh-Stainless-Steel-Dress-Wrist-Watch-Waterproof/283330220621?_trkparms=ispr%3D1&hash=item41f7cc124d:m:myd2VZnj1dPP1DU13XU0ygw:sc:USPSFirstClass!40223!US!-1&enc=AQAEAAACQBPxNw%2BVj6nta7CKEs3N0qXQueiQ5hhUSUC2%2FGqdtFNLz2FnMm5GfaGyVmnzUYxbT9b6fjjv7TDk1r%2FTZrtNFfiKP6c1NKlHSSyM6ElNDTNykOKBHwROROWNSG%2Fz0R5RJQdQP8DVFgJaQ27Li%2ByOHkWvxzx4YNYESN8GO22dOrew%2FFtHls78XnOuqntvYcShwfdwVnIXTedTT3EUlAIz8kECNS%2FbGsTZ7sCDmvsv0eywP8meIEwT1SefhxAIAdsSHIW8UMiZigWPZWa4Js9AGwu4cQS9Lti22j0RgTKa%2BsvGd8hxQ5bQIIIUbrBDvuIB3P0V0iJzbs7gk4E6gn07IQOf%2BvE0zvt1zr2Q%2FfLkuheWr6cwuOdYDkpReWD5z9WASf7Ji2c8uSk7c1wlHrl4rmhp8k7FqkZC2j%2F8yPdDNKaGLkZHcGi0gmrD21My1vQHwZ%2F1gU60SYTMZBYQOMpQSZM6g40KAzzOsmQ5e%2FCSyJN%2BYkQWZKKvBVZSDAOJWVw8su96Bz%2BfSmzS7PaP%2BycNLiUqHB2ggPO3318eT7cxdyFsxmIXxdVyjmmHTmK2i6pMLbYEtM1KW2xDjXj5fMb3uyAxFXP1O78ExnUBbD%2Bth6biCHLJzDbDdwHsYi1IYvymlQSoo9bgzScFJyD%2BvCvrW9OJ2iTBBN3jfPvQnMlmVLVFqb8Z9J8El0fYmvYGT6hEtdZYLqa4I9SRPcDyRki0y1bCK8HlznhnhGFNPxYfw9zuzdMXCFyofQdsVqtxTWdHrw%3D%3D&checksum=28333022062192035d97de964c9781ace5b3e922c96f&enc=AQAEAAACQBPxNw%2BVj6nta7CKEs3N0qXQueiQ5hhUSUC2%2FGqdtFNLz2FnMm5GfaGyVmnzUYxbT9b6fjjv7TDk1r%2FTZrtNFfiKP6c1NKlHSSyM6ElNDTNykOKBHwROROWNSG%2Fz0R5RJQdQP8DVFgJaQ27Li%2ByOHkWvxzx4YNYESN8GO22dOrew%2FFtHls78XnOuqntvYcShwfdwVnIXTedTT3EUlAIz8kECNS%2FbGsTZ7sCDmvsv0eywP8meIEwT1SefhxAIAdsSHIW8UMiZigWPZWa4Js9AGwu4cQS9Lti22j0RgTKa%2BsvGd8hxQ5bQIIIUbrBDvuIB3P0V0iJzbs7gk4E6gn07IQOf%2BvE0zvt1zr2Q%2FfLkuheWr6cwuOdYDkpReWD5z9WASf7Ji2c8uSk7c1wlHrl4rmhp8k7FqkZC2j%2F8yPdDNKaGLkZHcGi0gmrD21My1vQHwZ%2F1gU60SYTMZBYQOMpQSZM6g40KAzzOsmQ5e%2FCSyJN%2BYkQWZKKvBVZSDAOJWVw8su96Bz%2BfSmzS7PaP%2BycNLiUqHB2ggPO3318eT7cxdyFsxmIXxdVyjmmHTmK2i6pMLbYEtM1KW2xDjXj5fMb3uyAxFXP1O78ExnUBbD%2Bth6biCHLJzDbDdwHsYi1IYvymlQSoo9bgzScFJyD%2BvCvrW9OJ2iTBBN3jfPvQnMlmVLVFqb8Z9J8El0fYmvYGT6hEtdZYLqa4I9SRPcDyRki0y1bCK8HlznhnhGFNPxYfw9zuzdMXCFyofQdsVqtxTWdHrw%3D%3D&checksum=28333022062192035d97de964c9781ace5b3e922c96f
Details about   Invicta Men's Pro Diver Stainless Steel 40MM Watch- Choose Color (26970 - 26975),$77.65,US,"2,847",https://www.ebay.com/itm/Invicta-Mens-Pro-Diver-Stainless-Steel-40MM-Watch-Choose-Color-26970-26975/132993081609?epid=4031283622&_trkparms=ispr%3D1&hash=item1ef7016109:m:mhekpmuJBNDFh6P0Hb3ArkQ&enc=AQAEAAACQBPxNw%2BVj6nta7CKEs3N0qWinn6nZbkImbooG7vVBr5c88mnmaURJDnCqJpdTfRNsf70r%2BlAy3jFgqMBXVq8RqcO3OMCuzjxpcK4RL%2F0CNPiACXgDDsYi69xihSV96u6%2B%2Fqfh%2Ft2lyJ2M2MkD87p7ObrpUn4DI%2FRRHVGrxwlDB5DI%2F2bYNdWB2y6CRPhXZQ%2Bhy%2F8qOVmFNxF92V59zaQc5oXCYFppz04C4LlgDHbyZ5uRShx1mxBlxYidD85zcdimUULjDgzgeDDYiinD2ix24m3vf9n%2B4YQsvccT70jheekUN4%2FtI6%2FejDy89%2FEzlH4ZPmdDbnJDRuwiet889oh7zKsy3BwMcujFdOhIS5ub0Mp8xy9PHGCvF4N%2B1F1mg1NwcCQlT59hzx27egksqCtUXwCNNx1IwJGicHcytLLSlGCMr2jdonARAgWlRYgU5fiEJbyDwL7fq46MF1IZ1%2FhsOQRjQM%2B8yDXILOMuz8eUzwF1PpheuljN1lmxvaUpkORXi2k55%2BIzBo4M8CEvQ93oe1NrsGekS%2B4DF1A7bAu%2FIj7SfMbgpUcyxPT2v3U4vvcRot5azTufxas9U3y6y6Nfq%2BIwZUeblOF6pjv0WjluqaOJ109Z8xC8wNJoICtW6DmUO4NPKx74%2FryPDrppZlqVtoxVAx5e8fF7zp7ETG4IqlSfsibtGmSKmnkEvKW7OxqblmWgkpcYC7KR93F22fN5CA88J4kh5pmzI1ceQZwylm8zgPIUZ9e6hFCbCKocEP%2BEg%3D%3D&checksum=13299308160992035d97de964c9781ace5b3e922c96f&enc=AQAEAAACQBPxNw%2BVj6nta7CKEs3N0qWinn6nZbkImbooG7vVBr5c88mnmaURJDnCqJpdTfRNsf70r%2BlAy3jFgqMBXVq8RqcO3OMCuzjxpcK4RL%2F0CNPiACXgDDsYi69xihSV96u6%2B%2Fqfh%2Ft2lyJ2M2MkD87p7ObrpUn4DI%2FRRHVGrxwlDB5DI%2F2bYNdWB2y6CRPhXZQ%2Bhy%2F8qOVmFNxF92V59zaQc5oXCYFppz04C4LlgDHbyZ5uRShx1mxBlxYidD85zcdimUULjDgzgeDDYiinD2ix24m3vf9n%2B4YQsvccT70jheekUN4%2FtI6%2FejDy89%2FEzlH4ZPmdDbnJDRuwiet889oh7zKsy3BwMcujFdOhIS5ub0Mp8xy9PHGCvF4N%2B1F1mg1NwcCQlT59hzx27egksqCtUXwCNNx1IwJGicHcytLLSlGCMr2jdonARAgWlRYgU5fiEJbyDwL7fq46MF1IZ1%2FhsOQRjQM%2B8yDXILOMuz8eUzwF1PpheuljN1lmxvaUpkORXi2k55%2BIzBo4M8CEvQ93oe1NrsGekS%2B4DF1A7bAu%2FIj7SfMbgpUcyxPT2v3U4vvcRot5azTufxas9U3y6y6Nfq%2BIwZUeblOF6pjv0WjluqaOJ109Z8xC8wNJoICtW6DmUO4NPKx74%2FryPDrppZlqVtoxVAx5e8fF7zp7ETG4IqlSfsibtGmSKmnkEvKW7OxqblmWgkpcYC7KR93F22fN5CA88J4kh5pmzI1ceQZwylm8zgPIUZ9e6hFCbCKocEP%2BEg%3D%3D&checksum=13299308160992035d97de964c9781ace5b3e922c96f
Details about   Citizen Men's Quartz Chronograph Black Multi Dial Bracelet 42mm Watch AN3645-51E,$69.99,US,54,https://www.ebay.com/itm/Citizen-Mens-Quartz-Chronograph-Black-Multi-Dial-Bracelet-42mm-Watch-AN3645-51E/264476837882?epid=28030730245&hash=item3d940c47fa:g:pegAAOSwDKBdipxt:sc:FedExHomeDelivery!40223!US!-1
Details about   Casio G-Shock Classic Series Analog-Digital Black Dial Men's Watch GA100-1A1CR,$56.62,US,"1,224",https://www.ebay.com/itm/Casio-G-Shock-Classic-Series-Analog-Digital-Black-Dial-Mens-Watch-GA100-1A1CR/153242714823?epid=141097660&hash=item23adfa42c7:g:AOoAAOSwcDdcCtUW
Details about   Bulova CURV Men's Quartz Gray Dial Silicone Black Band 44mm Watch 98A161 ,$274.99,US,21,https://www.ebay.com/itm/Bulova-CURV-Mens-Quartz-Gray-Dial-Silicone-Black-Band-44mm-Watch-98A161/293260815062?epid=11032158620&hash=item4447b4ead6:g:8M8AAOSwcBZb2ImC:sc:FedExHomeDelivery!40223!US!-1
Details about   NEW Citizen Military Men's Eco-Drive Watch - BM8180-03E,$75.27,US,,https://www.ebay.com/itm/NEW-Citizen-Military-Mens-Eco-Drive-Watch-BM8180-03E/392401755910?epid=70317213&hash=item5b5cf79f06:g:ofAAAOSw1MRdZZgJ:sc:USPSFirstClass!40223!US!-1
Details about   Invicta Men's Watch Pro Diver Quartz Black Dial Dive Quartz Bracelet 8932OB,$45.99/ea,US,17,https://www.ebay.com/itm/Invicta-Mens-Watch-Pro-Diver-Quartz-Black-Dial-Dive-Quartz-Bracelet-8932OB/331897627367?epid=222453104&hash=item4d46a3e2e7:g:P-cAAOSwZc1dlKJV
Details about   Bulova Marine Star Men's Quartz Chronograph Rose Gold Tone 45mm Watch 98B301,$159.99,US,328,https://www.ebay.com/itm/Bulova-Marine-Star-Mens-Quartz-Chronograph-Rose-Gold-Tone-45mm-Watch-98B301/113690863194?epid=4033519011&hash=item1a7880e65a:g:JjcAAOSwKqNchta3:sc:FedExHomeDelivery!40223!US!-1
Details about   Bulova Precisionist Men's Langford Quartz Black Leather Band 42mm Watch 96B158,$89.99,US,75,https://www.ebay.com/itm/Bulova-Precisionist-Mens-Langford-Quartz-Black-Leather-Band-42mm-Watch-96B158/303289398068?epid=1900146445&hash=item469d74f334:g:OcEAAOSwWspbNN9l:sc:FedExHomeDelivery!40223!US!-1
Details about   Brand New With Orignal Box Mens 14K Gold Plated Fully Iced Lab Diamond Watch,$44.99,US,39,https://www.ebay.com/itm/Brand-New-With-Orignal-Box-Mens-14K-Gold-Plated-Fully-Iced-Lab-Diamond-Watch/223480611377?_trkparms=ispr%3D1&hash=item34087b8231:g:9xkAAOSwsVtcsVEI&enc=AQAEAAACQBPxNw%2BVj6nta7CKEs3N0qU0vIJfQOk3IYVd0fHs%2FrnJiWSpIanEQTFI23AbO%2FG904NwRkWYjB460h1ny7IEX%2FdxeH71Taqr7JW3c9nltQKo9W0XXL0aqQ1Ko8PRYetSiAgniS0o9V0%2BiKn31w1EIeYiLB8N%2BmIbN2fUQ4gFZmAj2FrxGVxycy64ozQ8xlt9U2ie5NvY8A0jMpbLYalIv6ozhOifmEPN1SgKRkFBKDJ%2BACblSYcS4azMkqjaiw7p%2BFbbdh8P1jDwpHpNNpV%2BgvJbErlRsSseU%2BdrjagAFRLh6UYSu7pxXxELrNQ2zSeUHY7o5GKwApj%2FyPgrWfp7mEWEImzVeqBu81GpLinur%2FFZCQAvfMMIcpEG%2FJu3KSwO525zfXGu%2Fkpnlt5P%2Fx%2FDuJc4TfG3lEMvjRsgN4%2F0PPZJ1NyqewmgOXDhtxWlqvTNtjf1nZ1%2BAtjViQ6Jd8Pgg0zRjq7K5%2FIHd1j4qWUDRBngPGPm9CQu9bEGIbe6kJhWF%2BjmcKO3TgJQ89XyeJ7FdHB5DKDuly1aoeZwGyQ0OFB9LzAuhNjZJ1hJ1tlILIIq3U%2F7AowRDPDyMAeTX9XsHIZa6JDRCkALFznlS7BWX7%2BpwBFb%2FKW7DlSeufB5938TlZVv%2BP4nOOP5Ab9CpTiyoZDHwM6dxxLLhxHBS0Uy08HfVfToriKmafjUeKQymtK3I24azAUtAXsGloOFKYsk21LBZuD5WWmkSmii5M%2Bs1%2FQ8RUwAq1YGG0aQ5htz8WpLBw%3D%3D&checksum=22348061137792035d97de964c9781ace5b3e922c96f&enc=AQAEAAACQBPxNw%2BVj6nta7CKEs3N0qU0vIJfQOk3IYVd0fHs%2FrnJiWSpIanEQTFI23AbO%2FG904NwRkWYjB460h1ny7IEX%2FdxeH71Taqr7JW3c9nltQKo9W0XXL0aqQ1Ko8PRYetSiAgniS0o9V0%2BiKn31w1EIeYiLB8N%2BmIbN2fUQ4gFZmAj2FrxGVxycy64ozQ8xlt9U2ie5NvY8A0jMpbLYalIv6ozhOifmEPN1SgKRkFBKDJ%2BACblSYcS4azMkqjaiw7p%2BFbbdh8P1jDwpHpNNpV%2BgvJbErlRsSseU%2BdrjagAFRLh6UYSu7pxXxELrNQ2zSeUHY7o5GKwApj%2FyPgrWfp7mEWEImzVeqBu81GpLinur%2FFZCQAvfMMIcpEG%2FJu3KSwO525zfXGu%2Fkpnlt5P%2Fx%2FDuJc4TfG3lEMvjRsgN4%2F0PPZJ1NyqewmgOXDhtxWlqvTNtjf1nZ1%2BAtjViQ6Jd8Pgg0zRjq7K5%2FIHd1j4qWUDRBngPGPm9CQu9bEGIbe6kJhWF%2BjmcKO3TgJQ89XyeJ7FdHB5DKDuly1aoeZwGyQ0OFB9LzAuhNjZJ1hJ1tlILIIq3U%2F7AowRDPDyMAeTX9XsHIZa6JDRCkALFznlS7BWX7%2BpwBFb%2FKW7DlSeufB5938TlZVv%2BP4nOOP5Ab9CpTiyoZDHwM6dxxLLhxHBS0Uy08HfVfToriKmafjUeKQymtK3I24azAUtAXsGloOFKYsk21LBZuD5WWmkSmii5M%2Bs1%2FQ8RUwAq1YGG0aQ5htz8WpLBw%3D%3D&checksum=22348061137792035d97de964c9781ace5b3e922c96f
Details about   SKMEI Men's Military Digital & Analog Date Alarm Waterproof Workout Sports Watch,$11.69,US,"1,828",https://www.ebay.com/itm/SKMEI-Mens-Military-Digital-Analog-Date-Alarm-Waterproof-Workout-Sports-Watch/132522623180?_trkparms=ispr%3D1&hash=item1edaf6c0cc:m:mvxK23wE6UMhfEHN2iW0uyA:sc:USPSFirstClass!40223!US!-1&enc=AQAEAAACQBPxNw%2BVj6nta7CKEs3N0qVst5RKVAqMGsbHOr2jpcqwv2Q59s2D5NszDnoZUwStzKl8A2npME5dPCwyM%2BUf5%2B%2FRcxaYdIx0feyqZgybNkzeAvNdYNh7wKwQBzbYv0r4jm8iYYubw4qIsFEvjJ8%2FrmN0jpt%2F4t6pq2tbnWXKGAwM6%2FM8%2FyjIo1meeFDRkPCBGqvz34UE%2B47n0saaEqIfXUEr42rGqBu2AbrCqlVNHh5y6rb2MM6u57XjlIS%2B49QyUTD8T%2Fi6oXzC%2Fvbu0pvHAPDnWBwqqkEGBnIvSr2MG5dLdEvoRBV%2FimZAqDJd6NWmOTbsXdj7UoKZn3JN3SBB4ed1C%2BCL2S1RkXFF%2BYAAN2D6AjWRhxvm8xKYaZXcqkFtpOTM6TxwoO65mKw3D8UTXCkGwAYZi7q99xVDZAbAkGsIFjD0jDaWYZUorpyoDMK%2FK%2BFVvjH2uBe7WmxVhCm65atPVi2bQzeq84Nai0pe3EEARLzDsSmPZaY9VZX8cSy0ZKTMqJbGNRWQJ1Rl8z4ypKce%2B4LkanlnUkElfDLhbcTDXX3VwxvqEXJp600iRKgrPCIxXOJQthbWN0A9%2F838JZz2qEZwbHFltFuggUTL2Ka2pTrQ%2FrXCUGTKO7JWg4Idn%2BFOdG%2FGMTB3gB7CxXUg0TBFE5NeKaQVhybJbqsDdtDsTpZE0tvtEByz9EutXxAk3xRpqc8gQWlwFozgokPZr06jM9a2Bj9Sg6fdWV%2FaOIrEa%2B5KF7kDtqPr2kr9cYz2Lw%3D%3D&checksum=13252262318092035d97de964c9781ace5b3e922c96f&enc=AQAEAAACQBPxNw%2BVj6nta7CKEs3N0qVst5RKVAqMGsbHOr2jpcqwv2Q59s2D5NszDnoZUwStzKl8A2npME5dPCwyM%2BUf5%2B%2FRcxaYdIx0feyqZgybNkzeAvNdYNh7wKwQBzbYv0r4jm8iYYubw4qIsFEvjJ8%2FrmN0jpt%2F4t6pq2tbnWXKGAwM6%2FM8%2FyjIo1meeFDRkPCBGqvz34UE%2B47n0saaEqIfXUEr42rGqBu2AbrCqlVNHh5y6rb2MM6u57XjlIS%2B49QyUTD8T%2Fi6oXzC%2Fvbu0pvHAPDnWBwqqkEGBnIvSr2MG5dLdEvoRBV%2FimZAqDJd6NWmOTbsXdj7UoKZn3JN3SBB4ed1C%2BCL2S1RkXFF%2BYAAN2D6AjWRhxvm8xKYaZXcqkFtpOTM6TxwoO65mKw3D8UTXCkGwAYZi7q99xVDZAbAkGsIFjD0jDaWYZUorpyoDMK%2FK%2BFVvjH2uBe7WmxVhCm65atPVi2bQzeq84Nai0pe3EEARLzDsSmPZaY9VZX8cSy0ZKTMqJbGNRWQJ1Rl8z4ypKce%2B4LkanlnUkElfDLhbcTDXX3VwxvqEXJp600iRKgrPCIxXOJQthbWN0A9%2F838JZz2qEZwbHFltFuggUTL2Ka2pTrQ%2FrXCUGTKO7JWg4Idn%2BFOdG%2FGMTB3gB7CxXUg0TBFE5NeKaQVhybJbqsDdtDsTpZE0tvtEByz9EutXxAk3xRpqc8gQWlwFozgokPZr06jM9a2Bj9Sg6fdWV%2FaOIrEa%2B5KF7kDtqPr2kr9cYz2Lw%3D%3D&checksum=13252262318092035d97de964c9781ace5b3e922c96f
Details about   Invicta 30029 Pro Diver Men's 50mm Chronograph Gold-Tone Charcoal Dial Watch,$81.23,US,114,https://www.ebay.com/itm/Invicta-30029-Pro-Diver-Mens-50mm-Chronograph-Gold-Tone-Charcoal-Dial-Watch/333269011046?epid=20034595653&hash=item4d98618a66:g:PJsAAOSwmNRdLhrr
Details about   Men's Invicta Pro Diver 18k GOLD Plated SS Chronograph Champagne Dial $695 Watch,$65.97,US,1,https://www.ebay.com/itm/Mens-Invicta-Pro-Diver-18k-GOLD-Plated-SS-Chronograph-Champagne-Dial-695-Watch/142512798022?hash=item212e6cb946:g:9TkAAOSwRrlb5HY~:sc:USPSPriorityMailPaddedFlatRateEnvelope!40223!US!-1
Details about   Bulova CURV Men's Quartz Chronograph Black Leather Strap 43mm Watch 98A155,$144.99,US,214,https://www.ebay.com/itm/Bulova-CURV-Mens-Quartz-Chronograph-Black-Leather-Strap-43mm-Watch-98A155/292804967501?epid=21031751490&hash=item442c893c4d:g:68sAAOSwAUJdaANV:sc:FedExHomeDelivery!40223!US!-1
Details about   Fashion Curren Mens Date Stainless Steel Leather Analog Quartz Sport Wrist Watch,$12.99,US,"5,288",https://www.ebay.com/itm/Fashion-Curren-Mens-Date-Stainless-Steel-Leather-Analog-Quartz-Sport-Wrist-Watch/351813524806?hash=item51e9b85d46:m:mnAjAHMLQ3JeMp3QZXma-Ww
Details about   Invicta Mens 52mm Pro Diver Combat Seal Chronograph 18k Gold Plated SS 500 Watch,$99.89,US,,https://www.ebay.com/itm/Invicta-Mens-52mm-Pro-Diver-Combat-Seal-Chronograph-18k-Gold-Plated-SS-500-Watch/123762216258?epid=15005881722&hash=item1cd0cd8d42:g:dfgAAOSwIGBc1LLJ:sc:USPSPriority!40223!US!-1
Details about   Citizen Eco-Drive CTO Men's Blue Dial Mesh Bracelet 42mm Watch BM6990-55L,$54.99,US,347,https://www.ebay.com/itm/Citizen-Eco-Drive-CTO-Mens-Blue-Dial-Mesh-Bracelet-42mm-Watch-BM6990-55L/263525993603?epid=2256007946&hash=item3d5b5f8c83:g:g0IAAOSwTlFajJA2
Details about    New Invicta Ninja  Men's S1 Rally Quartz Stainless Steel Silicone Strap Watch!!,$74.99,US,,https://www.ebay.com/itm/New-Invicta-Ninja-Mens-S1-Rally-Quartz-Stainless-Steel-Silicone-Strap-Watch/362790480264?hash=item5477ff6988:g:09kAAOSwg9RdskYJ:sc:USPSPriority!40223!US!-1
Details about   CURREN Casual Sport Watches for Men Blue Top Brand Luxury Military Leather Wrist,$25.99,US,80,https://www.ebay.com/itm/CURREN-Casual-Sport-Watches-for-Men-Blue-Top-Brand-Luxury-Military-Leather-Wrist/223607264775?hash=item3410081607:m:mk3aoTP6iePvx9MPz6EQNdQ
Details about   Citizen Eco-Drive Men's Skyhawk A-T Black Dial Silver-Tone 47mm Watch JY8051-59E,$229.99,US,214,https://www.ebay.com/itm/Citizen-Eco-Drive-Mens-Skyhawk-A-T-Black-Dial-Silver-Tone-47mm-Watch-JY8051-59E/264333257571?epid=20034193797&hash=item3d8b7d6b63:g:FPwAAOSwJ7dbFZ-f:sc:FedExHomeDelivery!40223!US!-1
Details about   Casio G-shock Men's Digital Watch DW-5600BB-1CR,$57.03,US,97,https://www.ebay.com/itm/Casio-G-shock-Mens-Digital-Watch-DW-5600BB-1CR/153376960603?epid=12032149141&hash=item23b5fab05b:g:Uq0AAOSwqpFcZDrL
Details about   NEW Invicta Men's Reserve 53mm Bolt ZEUS Swiss Chronograph COMBAT Black SS Watch,$154.99,US,,https://www.ebay.com/itm/NEW-Invicta-Mens-Reserve-53mm-Bolt-ZEUS-Swiss-Chronograph-COMBAT-Black-SS-Watch/372693515330?epid=27034407242&hash=item56c643bc42:g:8-8AAOSwNP5dDClw
Details about   Citizen Eco-Drive Men's Proximity Bluetooth Silver-Tone 46mm Watch BZ1000-54E,$109.99,US,826,https://www.ebay.com/itm/Citizen-Eco-Drive-Mens-Proximity-Bluetooth-Silver-Tone-46mm-Watch-BZ1000-54E/263705104676?epid=8028680244&hash=item3d660c9124:g:3OEAAOSwzrNa7K5V:sc:FedExHomeDelivery!40223!US!-1
Details about   Invicta Mens 43mm Pro Diver Swiss Movement 18K Gold Plated Stainless Steel Watch,$74.99,US,,https://www.ebay.com/itm/Invicta-Mens-43mm-Pro-Diver-Swiss-Movement-18K-Gold-Plated-Stainless-Steel-Watch/302926072470?hash=item4687cd0a96:g:ZBgAAOSwB5lbyU1F
Details about   Skeleton Dial Automatic Mechanical Watch Men's Stainless Steel Band Wrist Watch,$19.99/ea,US,684,https://www.ebay.com/itm/Skeleton-Dial-Automatic-Mechanical-Watch-Mens-Stainless-Steel-Band-Wrist-Watch/273571311731?_trkparms=ispr%3D1&hash=item3fb21ef073:g:oMAAAOSwZW5Z~S7t&enc=AQAEAAACQBPxNw%2BVj6nta7CKEs3N0qXsYaNGrmaPVblUqjCNqmlqKl1UPS2gfp0SuuY%2FSbARDTywT2fWOPKBhHacKNp685rCTnfZmiGlMgAklNcgGnhi8HB0%2FLp9Bqep%2FlnYjMBnTDtmDnPEcgdJBbHfG6VrAeHG3dPOFMOvYAyFsjaJXOmxFR5KOFYJPIRO5M3RBHkoZcVqUpCQxoWS1y1tRdSgFIq06x7%2BJTJj7%2FlqhhfioglWlklMxuNxvssXlSjMphMbLkg%2FylWwJmYgSJlrAZ2labKclYgmo20%2BEjEjQ7IoX%2Bsu6%2F5NGK0YW%2FBDrUUXZc1qVnDdNT7%2B0KgURteSoISXP2P2BLrWfF3EixqLGLcdabgRE1wNTH7sIQn%2FXrVC%2FSKWmahyEwfunCQA18fOem9zNAeFsk7MTm4W%2Bd2c9oF9pZzpnwRpYW0CC0moWOZn3U2cpf5hC1lo%2FsMGOGyE3EYPDJkN%2Bo20VQ4ucHyBxZI%2BFc0rFTDx7Ur36ENDc%2BInEsYfGQYGqsIqLZaoRIATlXJJc4lPig0b%2BmAWQGzK4b9fQgXVCiw8Mgan8A2FofpSZrbGx0G%2F0ICXya4GhbnYVEZoRIYsfXiCYkgFOxBc8FwSbtL6tZwtXStoVL013PPifNuJzXwk3cGMNIilx2XYBmkQYrhaQ82ieenOsjoL731DYMxiQZ%2ByHNgZ5o4Q7m34ScPxofkMsaaUEuwqkHuIR7SBzn52XPR0n1fK1S3BNWfc%2BiJ8maC%2BuOWDw9ZW%2FBfJMMt%2BGA%3D%3D&checksum=27357131173192035d97de964c9781ace5b3e922c96f&enc=AQAEAAACQBPxNw%2BVj6nta7CKEs3N0qXsYaNGrmaPVblUqjCNqmlqKl1UPS2gfp0SuuY%2FSbARDTywT2fWOPKBhHacKNp685rCTnfZmiGlMgAklNcgGnhi8HB0%2FLp9Bqep%2FlnYjMBnTDtmDnPEcgdJBbHfG6VrAeHG3dPOFMOvYAyFsjaJXOmxFR5KOFYJPIRO5M3RBHkoZcVqUpCQxoWS1y1tRdSgFIq06x7%2BJTJj7%2FlqhhfioglWlklMxuNxvssXlSjMphMbLkg%2FylWwJmYgSJlrAZ2labKclYgmo20%2BEjEjQ7IoX%2Bsu6%2F5NGK0YW%2FBDrUUXZc1qVnDdNT7%2B0KgURteSoISXP2P2BLrWfF3EixqLGLcdabgRE1wNTH7sIQn%2FXrVC%2FSKWmahyEwfunCQA18fOem9zNAeFsk7MTm4W%2Bd2c9oF9pZzpnwRpYW0CC0moWOZn3U2cpf5hC1lo%2FsMGOGyE3EYPDJkN%2Bo20VQ4ucHyBxZI%2BFc0rFTDx7Ur36ENDc%2BInEsYfGQYGqsIqLZaoRIATlXJJc4lPig0b%2BmAWQGzK4b9fQgXVCiw8Mgan8A2FofpSZrbGx0G%2F0ICXya4GhbnYVEZoRIYsfXiCYkgFOxBc8FwSbtL6tZwtXStoVL013PPifNuJzXwk3cGMNIilx2XYBmkQYrhaQ82ieenOsjoL731DYMxiQZ%2ByHNgZ5o4Q7m34ScPxofkMsaaUEuwqkHuIR7SBzn52XPR0n1fK1S3BNWfc%2BiJ8maC%2BuOWDw9ZW%2FBfJMMt%2BGA%3D%3D&checksum=27357131173192035d97de964c9781ace5b3e922c96f
Details about   Classic Mens Womens Luxury Leather Band Gold Tone Dial Analog Quartz Wrist Watch,$6.06/ea,US,"2,771",https://www.ebay.com/itm/Classic-Mens-Womens-Luxury-Leather-Band-Gold-Tone-Dial-Analog-Quartz-Wrist-Watch/171874423818?_trkparms=ispr%3D1&hash=item280483940a:m:m2ESyYK96-SB-wnlXXMWrzQ:sc:USPSFirstClass!40223!US!-1&enc=AQAEAAACQBPxNw%2BVj6nta7CKEs3N0qXbuYzbUlzlUPJYvvA%2BDY%2FGGDrmkEFBhJZe2BnBlL9EkK2ffddH6H7PsR4fIrUWqa5R7ZxaFZrUQHFw%2BiXNYbwUfUrjTcdeTXe7r1jCm%2F28J%2Bn9evN2%2BCx0iWlN%2FNV%2FhYqDEtRI2J05h36%2BXZXdc2z2WAyocTUv5PWDFME8Sx9NpLRkjO0mqPl7GEboqAZ18raVpNcIqxKYncx3K08HqL35oUORtInrzS8JPdJYZ6KUEcYdTsNpxTvyMBkShwT%2BhMdK9hkn3Urj%2BnXbC1tObraKy6s6EEJ%2F6O%2BoqIMAjWxDljDVO%2FeS3oKy%2ByrHFuKpuzb0m6TfYZKnjtX4806PxdxA7zNld%2FwJ%2F6zCQBdMhaOhC%2FO4mvEVz6NvfzDjUyiqQOheVCelbAdrUeJ2pc3M0RucKmMHnjlcw93gPnpy4Pul1Wmq2z7aPmAWudHBcQyY4nTT%2FWIlnB3GZ46rwSLvz9vuagIqJIjF7U4TyNHnOoSm4354N6dOglWyQPIbPUnmzRsBrljg%2F6lVHQ9q3E0mIEBc7BUy2pt1A4krh34%2BCwUBiYyQJAI3Kcgjvp%2FW4DFJXhAyhCN6zLf1q9g9V5IKJnXzGw2DRigKGUMLioavzC7rlnT5MLgpADpCeIMydhAoQG4kN8cERXtZ8Jpjx4O5MRiONIfOCe1R%2Big8M5qfo8%2Fb0tuFi%2B7XSD1dv%2BrgBa0fc1oJVVJ5wVX5tT7PaPBP14nF9%2Bmfzvga1vE3oK2dAFkFyg%3D%3D&checksum=17187442381892035d97de964c9781ace5b3e922c96f&enc=AQAEAAACQBPxNw%2BVj6nta7CKEs3N0qXbuYzbUlzlUPJYvvA%2BDY%2FGGDrmkEFBhJZe2BnBlL9EkK2ffddH6H7PsR4fIrUWqa5R7ZxaFZrUQHFw%2BiXNYbwUfUrjTcdeTXe7r1jCm%2F28J%2Bn9evN2%2BCx0iWlN%2FNV%2FhYqDEtRI2J05h36%2BXZXdc2z2WAyocTUv5PWDFME8Sx9NpLRkjO0mqPl7GEboqAZ18raVpNcIqxKYncx3K08HqL35oUORtInrzS8JPdJYZ6KUEcYdTsNpxTvyMBkShwT%2BhMdK9hkn3Urj%2BnXbC1tObraKy6s6EEJ%2F6O%2BoqIMAjWxDljDVO%2FeS3oKy%2ByrHFuKpuzb0m6TfYZKnjtX4806PxdxA7zNld%2FwJ%2F6zCQBdMhaOhC%2FO4mvEVz6NvfzDjUyiqQOheVCelbAdrUeJ2pc3M0RucKmMHnjlcw93gPnpy4Pul1Wmq2z7aPmAWudHBcQyY4nTT%2FWIlnB3GZ46rwSLvz9vuagIqJIjF7U4TyNHnOoSm4354N6dOglWyQPIbPUnmzRsBrljg%2F6lVHQ9q3E0mIEBc7BUy2pt1A4krh34%2BCwUBiYyQJAI3Kcgjvp%2FW4DFJXhAyhCN6zLf1q9g9V5IKJnXzGw2DRigKGUMLioavzC7rlnT5MLgpADpCeIMydhAoQG4kN8cERXtZ8Jpjx4O5MRiONIfOCe1R%2Big8M5qfo8%2Fb0tuFi%2B7XSD1dv%2BrgBa0fc1oJVVJ5wVX5tT7PaPBP14nF9%2Bmfzvga1vE3oK2dAFkFyg%3D%3D&checksum=17187442381892035d97de964c9781ace5b3e922c96f
Details about   Bulova Sport Men's Quartz Chronograph Black Dial Blue Band 43mm Watch 98A190,$89.99,US,327,https://www.ebay.com/itm/Bulova-Sport-Mens-Quartz-Chronograph-Black-Dial-Blue-Band-43mm-Watch-98A190/263981105844?epid=4034356896&hash=item3d768002b4:g:6DMAAOSw2jNbu87l:sc:FedExHomeDelivery!40223!US!-1
Details about   Bulova Precisionist Men's Chronograph Quartz Gray Multi Dial 44.5mm Watch 96B260,$159.99,US,54,https://www.ebay.com/itm/Bulova-Precisionist-Mens-Chronograph-Quartz-Gray-Multi-Dial-44-5mm-Watch-96B260/113860287414?hash=item1a829a1bb6:g:a6wAAOSwrfVZSYHW:sc:FedExHomeDelivery!40223!US!-1
Details about   Bulova Men's Quartz Precisionist Date Calendar Grey Dial 42mm Watch 98B273,$159.99,US,,https://www.ebay.com/itm/Bulova-Mens-Quartz-Precisionist-Date-Calendar-Grey-Dial-42mm-Watch-98B273/303351677271?hash=item46a12b4157:g:ztMAAOSwPk1dwwuf:sc:FedExHomeDelivery!40223!US!-1
Details about   Casio Men's Watch G-Shock Grey & Black Ana-Digi Dial Black Strap GA100C-8A,$61.62,US,"1,585",https://www.ebay.com/itm/Casio-Mens-Watch-G-Shock-Grey-Black-Ana-Digi-Dial-Black-Strap-GA100C-8A/231948085978?epid=233490929&hash=item36012eeada:g:FgsAAOSwwKpdwYLG
Details about   New Mens Invicta Limited CRUISELINE Swiss 46mm Blue Dial Crown Guard Watch,$59.95,US,,https://www.ebay.com/itm/New-Mens-Invicta-Limited-CRUISELINE-Swiss-46mm-Blue-Dial-Crown-Guard-Watch/123818192023?hash=item1cd423ac97:g:-JQAAOSwumJdFkLy:sc:USPSPriority!40223!US!-1
Details about   Invicta Men Pro Diver Scuba Chrono 18KT Gold Plated Stainless St Black Dial Watc,$79.99,US,,https://www.ebay.com/itm/Invicta-Men-Pro-Diver-Scuba-Chrono-18KT-Gold-Plated-Stainless-St-Black-Dial-Watc/132844652503?epid=174044962&hash=item1eee2887d7:g:63IAAOSwzThb33Zv:sc:USPSPriority!40223!US!-1
Details about   Invicta Pro Diver Stainless Steel Mens Watch NEW Open Box 28753,$59.99,US,,https://www.ebay.com/itm/Invicta-Pro-Diver-Stainless-Steel-Mens-Watch-NEW-Open-Box-28753/392316758988?epid=15033164868&hash=item5b57e6abcc:g:lQ4AAOSwGZVdCqfR:sc:USPSFirstClass!40223!US!-1
Details about   Fashion Men Military Tactical Digital Analog Sport Date Quartz Shock Wrist Watch,$13.86,US,389,https://www.ebay.com/itm/Fashion-Men-Military-Tactical-Digital-Analog-Sport-Date-Quartz-Shock-Wrist-Watch/303152849806?hash=item469551638e:m:myHnr58MIcqXMY3BEAgmiIg:sc:USPSFirstClass!40223!US!-1
Details about   Invicta Mens 48mm Aviator Chronograph Blue Glass Fiber Dial 18K Gold 2Tone Watch,$79.99,US,,https://www.ebay.com/itm/Invicta-Mens-48mm-Aviator-Chronograph-Blue-Glass-Fiber-Dial-18K-Gold-2Tone-Watch/293305155939?epid=24011438481&hash=item444a598163:g:fwMAAOSwomJdunIS
Details about   Invicta Men's Pro Diver Scuba 3.0 Blue Chronograph Dial 18K Gold Plated SS Watch,$92.95/ea,US,105,https://www.ebay.com/itm/Invicta-Mens-Pro-Diver-Scuba-3-0-Blue-Chronograph-Dial-18K-Gold-Plated-SS-Watch/133114133621?epid=20033524071&hash=item1efe387c75:g:dJoAAOSwCwxdLlWf:sc:USPSPriorityMailPaddedFlatRateEnvelope!40223!US!-1
Details about   Invicta Men's Pro Diver Scuba Gold-Tone 50mm - Choice of Color,$81.23,US,123,https://www.ebay.com/itm/Invicta-Mens-Pro-Diver-Scuba-Gold-Tone-50mm-Choice-of-Color/333271580550?epid=24031089510&hash=item4d9888bf86:m:mfVYjyePB8FWDzc4VUCYtgw
Details about   NEW Invicta Mens 18K Gold Plated Stainless St. Red Dial Chronograph Tachy Watch,$79.99,US,,https://www.ebay.com/itm/NEW-Invicta-Mens-18K-Gold-Plated-Stainless-St-Red-Dial-Chronograph-Tachy-Watch/133159911730?epid=7034598751&hash=item1f00f30132:g:LIAAAOSwtpBdbsxV:sc:USPSPriority!40223!US!-1
Details about   Mens Invicta Pro Diver Scuba 18kt Gold Plated Chronograph Green 48mm Watch New,$119.99,US,954,https://www.ebay.com/itm/Mens-Invicta-Pro-Diver-Scuba-18kt-Gold-Plated-Chronograph-Green-48mm-Watch-New/272837289313?hash=item3f865ea561:g:IfUAAOSw4HVWEa5k
Details about   Casio Men's Watch G-Shock Multi-Band 6 Tough Solar Black Strap GWM5610-1,$84.21,US,"1,846",https://www.ebay.com/itm/Casio-Mens-Watch-G-Shock-Multi-Band-6-Tough-Solar-Black-Strap-GWM5610-1/351601041627?epid=141038159&hash=item51dd0e20db:g:QF8AAOSwTC1dI1IA
Details about   NEW CASIO G-SHOCK GD100-1B BLACK RESIN DIGITAL MILITARY MENS WATCH NWT!!!,$56.00,US,152,https://www.ebay.com/itm/NEW-CASIO-G-SHOCK-GD100-1B-BLACK-RESIN-DIGITAL-MILITARY-MENS-WATCH-NWT/173875283041?epid=174046572&hash=item287bc64461:g:Ov4AAOSwv6Fbrjtq:sc:USPSFirstClass!40223!US!-1
Details about   Citizen Eco-Drive Men's Beige Dial Green Military Strap 43mm Watch AW1465-14H,$59.99,US,101,https://www.ebay.com/itm/Citizen-Eco-Drive-Mens-Beige-Dial-Green-Military-Strap-43mm-Watch-AW1465-14H/293185936874?epid=15035047859&hash=item44433e5dea:g:68cAAOSwKjFdVwHd
Details about   Bulova Men's 98C60 Quartz Champagne Dial Two-Tone Bracelet 36mm Watch,$45.99,US,282,https://www.ebay.com/itm/Bulova-Mens-98C60-Quartz-Champagne-Dial-Two-Tone-Bracelet-36mm-Watch/113225467395?hash=item1a5cc38603:g:2J0AAOSwBFpbhG0d
Details about   Citizen Eco-Drive Men's Diamond Accents Black Bracelet 40mm Watch AU1054-54G,$66.99,US,74,https://www.ebay.com/itm/Citizen-Eco-Drive-Mens-Diamond-Accents-Black-Bracelet-40mm-Watch-AU1054-54G/264182160130?epid=710150970&hash=item3d827bdb02:g:yTMAAOSw6JhcWegM
Details about   Citizen Eco-Drive Men's Black Dial Silver-Tone Bracelet 43mm Watch AW0050-82E,$56.99,US,,https://www.ebay.com/itm/Citizen-Eco-Drive-Mens-Black-Dial-Silver-Tone-Bracelet-43mm-Watch-AW0050-82E/264191727582?hash=item3d830dd7de:g:NZoAAOSw6o5cWc4T
Details about   Casio G-Shock Black Resin Strap Men's Watch GA100-1A4,$58.75,US,232,https://www.ebay.com/itm/Casio-G-Shock-Black-Resin-Strap-Mens-Watch-GA100-1A4/153242720546?epid=9032778694&hash=item23adfa5922:g:bNYAAOSw8OFcB69a
Details about   Invicta Men's Watch Pro Diver Automatic Two Tone Stainless Steel Bracelet 8928OB,$78.72,US,"1,313",https://www.ebay.com/itm/Invicta-Mens-Watch-Pro-Diver-Automatic-Two-Tone-Stainless-Steel-Bracelet-8928OB/231404097975?epid=233487536&hash=item35e0c251b7:g:2dQAAOSwLpRdLEfi
Details about   CASIO Men Wrist Watch LED  Retro Digital  Unisex Classic New MULTICOLORE,$8.00,US,230,https://www.ebay.com/itm/CASIO-Men-Wrist-Watch-LED-Retro-Digital-Unisex-Classic-New-MULTICOLORE/383203553465?_trkparms=ispr%3D1&hash=item5938b630b9:m:m9JO-CIDQJBzXStPgpEFA9g&enc=AQAEAAACQBPxNw%2BVj6nta7CKEs3N0qWRhLY8qSR0FjRt8cqqoTp6U8uprNTb7SwoAPmDm8aUsfJlc1snbQLUoarqF2tWoEUcl%2B3FnR5lbQZzD81z3xzeobtlS7NR10QoKRG%2FlDCbRlDKQ09zn1GxPqlntAi%2BSoEWRCRB5%2BlzpiS149FRQUTtcE0BzVZFK25w5dgQSb1QQ0TD0HUbGb4%2B83Yyfqjj4GCDmqDgdj6hQMGZAD%2FqyVjiIkJ45x6wI4VcHywL27evXquhDdfwfXxfsqEznWcxwbfGnfjl19CxaQwkC125csrsB9hw%2BH9xuPiYnQRl2F9pnDiyx%2Bbz53BoZkIZbtYL3rtTCriPie%2FsZCquOIlJuO5W24WzBJJmHlzP0EdviOnOueiHnrlgRyHxN4ZRc8drdt8Q%2FNYyUIcBgOCMpn8cv%2FIOdrFdgcIM%2FE3Zcu01y2qzv%2BKdvvH9%2BjW4GCg%2F6LD8onsb%2BgCloUkC2dhQYPZNU56zy4eVsU1hS1RK%2BHB7do5HPeFtJuLEaSCn%2Btr8xqFlIg2y5OovhsnCerj%2Fbtu%2FLOtRCd9fjOpP7V3MTB91UwJmsmOkFHP6iLm736czYy0CPqlBYbi969axk%2BSV59ahf7QdX54%2F635R%2B%2FRp%2BBVJNED7gg11sC7O5OJmRQRk%2B%2B948SRQA4t0XZKcEfcBEqiQzskYVD7CYkhLSrkyFSHi00Rp2HdlmPUboTU6OGL%2FeWgcFx1kIHgwwddkIFS%2F2%2FrEALt7AHk8kQfAxowXPFGD%2FGU7Wg%3D%3D&checksum=38320355346592035d97de964c9781ace5b3e922c96f&enc=AQAEAAACQBPxNw%2BVj6nta7CKEs3N0qWRhLY8qSR0FjRt8cqqoTp6U8uprNTb7SwoAPmDm8aUsfJlc1snbQLUoarqF2tWoEUcl%2B3FnR5lbQZzD81z3xzeobtlS7NR10QoKRG%2FlDCbRlDKQ09zn1GxPqlntAi%2BSoEWRCRB5%2BlzpiS149FRQUTtcE0BzVZFK25w5dgQSb1QQ0TD0HUbGb4%2B83Yyfqjj4GCDmqDgdj6hQMGZAD%2FqyVjiIkJ45x6wI4VcHywL27evXquhDdfwfXxfsqEznWcxwbfGnfjl19CxaQwkC125csrsB9hw%2BH9xuPiYnQRl2F9pnDiyx%2Bbz53BoZkIZbtYL3rtTCriPie%2FsZCquOIlJuO5W24WzBJJmHlzP0EdviOnOueiHnrlgRyHxN4ZRc8drdt8Q%2FNYyUIcBgOCMpn8cv%2FIOdrFdgcIM%2FE3Zcu01y2qzv%2BKdvvH9%2BjW4GCg%2F6LD8onsb%2BgCloUkC2dhQYPZNU56zy4eVsU1hS1RK%2BHB7do5HPeFtJuLEaSCn%2Btr8xqFlIg2y5OovhsnCerj%2Fbtu%2FLOtRCd9fjOpP7V3MTB91UwJmsmOkFHP6iLm736czYy0CPqlBYbi969axk%2BSV59ahf7QdX54%2F635R%2B%2FRp%2BBVJNED7gg11sC7O5OJmRQRk%2B%2B948SRQA4t0XZKcEfcBEqiQzskYVD7CYkhLSrkyFSHi00Rp2HdlmPUboTU6OGL%2FeWgcFx1kIHgwwddkIFS%2F2%2FrEALt7AHk8kQfAxowXPFGD%2FGU7Wg%3D%3D&checksum=38320355346592035d97de964c9781ace5b3e922c96f
Details about   INFANTRY Men's Military Army Sports Quartz Date Luminous Wrist Watch Nylon Strap,$8.99/ea,US,"3,299",https://www.ebay.com/itm/INFANTRY-Mens-Military-Army-Sports-Quartz-Date-Luminous-Wrist-Watch-Nylon-Strap/172173839315?_trkparms=ispr%3D1&hash=item28165c4bd3:m:m1-1AIAX3MVyjdmJkmpQ_5A:sc:USPSFirstClass!40223!US!-1&enc=AQAEAAACQBPxNw%2BVj6nta7CKEs3N0qXikMz9%2BXEzlBbnoPRv6ON%2BHlHQC7ND5ym8yZ43XeTCH0jCa5HTGKvhqOXIPtfz44dbmtR3fjVq7MIuWBmxiYlCcuh3PpTZAktEh1oVw1AD70dYf2Z%2B3%2FueSGPY8yo9urH9RhOBaRPExG17O9vrQLxNTO%2BvTOMUUynlmgrL0LU4qWiLArX%2FhdUEFZ%2FBZC%2FmyK%2B71dG4murhNz0ETD3r8cpHATFFyz4slEN0%2BchaCHdpjM2o%2FuYY52j69EwicsDjmHBdK86DXek36MTkkHfT%2FvtZzonNeJwtSlfEmaoXztx3E9NgCqLI3urfaAL0xLfOwe4mio1rycnOIaodEYtJmrhNnJtfUGavmV23CslaS6pwhNy%2BdiGEVy%2BwmB0c71t5x5rtw7dMmN93MjzR8euUKZi3mVLkHHEVlcTDYylS0YBjBTF5Aujs%2FyIz3xMIKikPU8TYhHFWP64rjV26vLTIdQokfJ0K09N3r59kzTk62EuTeIxvnQEyubvefKpWskjfOey%2FSjilUX1IOszjEPGo6Us7wej0SsxJ2yaZODGDzxFf9z1HIALEzS369pcqdnY7jFTA%2BhJfJFwNaPVoWKhr2YU18%2BCcbkJuZ9Lts8HhtNuBCHDQA02M4z0nSVfG%2Fsehyzfd4L%2BI9SV7hKK9kqkJ4D9Z4gfhbpYXGJITfz59Xh2KjzWmVPLpRAQ0K7fkXVrc1duCXBRK5QKkH5BL9c%2BwGI4KhlyxcRWb2cgRUt%2F8ZCBPjQ%3D%3D&checksum=17217383931592035d97de964c9781ace5b3e922c96f&enc=AQAEAAACQBPxNw%2BVj6nta7CKEs3N0qXikMz9%2BXEzlBbnoPRv6ON%2BHlHQC7ND5ym8yZ43XeTCH0jCa5HTGKvhqOXIPtfz44dbmtR3fjVq7MIuWBmxiYlCcuh3PpTZAktEh1oVw1AD70dYf2Z%2B3%2FueSGPY8yo9urH9RhOBaRPExG17O9vrQLxNTO%2BvTOMUUynlmgrL0LU4qWiLArX%2FhdUEFZ%2FBZC%2FmyK%2B71dG4murhNz0ETD3r8cpHATFFyz4slEN0%2BchaCHdpjM2o%2FuYY52j69EwicsDjmHBdK86DXek36MTkkHfT%2FvtZzonNeJwtSlfEmaoXztx3E9NgCqLI3urfaAL0xLfOwe4mio1rycnOIaodEYtJmrhNnJtfUGavmV23CslaS6pwhNy%2BdiGEVy%2BwmB0c71t5x5rtw7dMmN93MjzR8euUKZi3mVLkHHEVlcTDYylS0YBjBTF5Aujs%2FyIz3xMIKikPU8TYhHFWP64rjV26vLTIdQokfJ0K09N3r59kzTk62EuTeIxvnQEyubvefKpWskjfOey%2FSjilUX1IOszjEPGo6Us7wej0SsxJ2yaZODGDzxFf9z1HIALEzS369pcqdnY7jFTA%2BhJfJFwNaPVoWKhr2YU18%2BCcbkJuZ9Lts8HhtNuBCHDQA02M4z0nSVfG%2Fsehyzfd4L%2BI9SV7hKK9kqkJ4D9Z4gfhbpYXGJITfz59Xh2KjzWmVPLpRAQ0K7fkXVrc1duCXBRK5QKkH5BL9c%2BwGI4KhlyxcRWb2cgRUt%2F8ZCBPjQ%3D%3D&checksum=17217383931592035d97de964c9781ace5b3e922c96f
Details about   Luxury Mens Stainless Steel Gold Tone Skeleton Automatic Mechanical Wrist Watch,$21.99,US,5,https://www.ebay.com/itm/Luxury-Mens-Stainless-Steel-Gold-Tone-Skeleton-Automatic-Mechanical-Wrist-Watch/292563147033?_trkparms=ispr%3D1&hash=item441e1f5919:g:Nx8AAOSwk9pdZO1q&enc=AQAEAAACQBPxNw%2BVj6nta7CKEs3N0qVe5sMjk9uDwr2szatij%2FYrxVjpdMlD%2BG9q8znMSZihvOXh0xtRNDJJyw045Bzgg7aBVqSEV4sgU5195Sg1ieOghbkL4X%2BCaooqa%2FX%2F611pop1%2Bv46jJx4%2BAJZy55hCeREIOg2Hfq1ZSImXuX%2B%2Bg7sy5pB6n0ON0zWThwW9YuJ6t1oS%2B8JZHfWDYNtrPyOEgBCmqpR6QIiiiN%2BYzpd4ERerWrOf86ZqjqPWK25gZrLP6YEdfscqN9ozACWkEnupJqGhOJstS2f5T12ADIp8Hd5%2B7lY7x9A0JUzDLT4JO9FgU765ur%2Bx%2Bu7RO2GaR21FWvhICwAxl5OGekt3JMtcw80DHByyTvPl4A3aWdMcwe2XtGovXlC1QhqWFJVWYKhGhu8WeUeOyedm9s5Od5rt3mpn5JhMa2U%2F%2BQuPUTezzdHz6TDCrzyzHq1cU7asEfU6QOklObhbWgyMzy122xFK5qxHOwxNwMrfUr6Q5CMaOUTR9PcHTYyUQI3mLPPBf3qpru0BN6uJ7oseiaUsnPYGVxdXb7nF3NSVTo%2BMUAJDJ9r6eFF32miM6HNBs%2B8nUrE3wNb5SM9bodgyqDxyBLtltmWVY0lndSHD1QnjlK4yccX1qyWh%2FHP1xUYW0Eslgum7Fu8LaiHPVl6mtZzRalg1bx6JdAIl0XlQlY2MWI20mRuLop%2FnJtYLBpXEbkt70bqJsqtCt%2F2IhHToESjcGwyV1UKCj47MSzhhdOEVAlv1Zt2Vwg%3D%3D&checksum=29256314703319824266a33c4485ac797aedd2d0eaaa&enc=AQAEAAACQBPxNw%2BVj6nta7CKEs3N0qVe5sMjk9uDwr2szatij%2FYrxVjpdMlD%2BG9q8znMSZihvOXh0xtRNDJJyw045Bzgg7aBVqSEV4sgU5195Sg1ieOghbkL4X%2BCaooqa%2FX%2F611pop1%2Bv46jJx4%2BAJZy55hCeREIOg2Hfq1ZSImXuX%2B%2Bg7sy5pB6n0ON0zWThwW9YuJ6t1oS%2B8JZHfWDYNtrPyOEgBCmqpR6QIiiiN%2BYzpd4ERerWrOf86ZqjqPWK25gZrLP6YEdfscqN9ozACWkEnupJqGhOJstS2f5T12ADIp8Hd5%2B7lY7x9A0JUzDLT4JO9FgU765ur%2Bx%2Bu7RO2GaR21FWvhICwAxl5OGekt3JMtcw80DHByyTvPl4A3aWdMcwe2XtGovXlC1QhqWFJVWYKhGhu8WeUeOyedm9s5Od5rt3mpn5JhMa2U%2F%2BQuPUTezzdHz6TDCrzyzHq1cU7asEfU6QOklObhbWgyMzy122xFK5qxHOwxNwMrfUr6Q5CMaOUTR9PcHTYyUQI3mLPPBf3qpru0BN6uJ7oseiaUsnPYGVxdXb7nF3NSVTo%2BMUAJDJ9r6eFF32miM6HNBs%2B8nUrE3wNb5SM9bodgyqDxyBLtltmWVY0lndSHD1QnjlK4yccX1qyWh%2FHP1xUYW0Eslgum7Fu8LaiHPVl6mtZzRalg1bx6JdAIl0XlQlY2MWI20mRuLop%2FnJtYLBpXEbkt70bqJsqtCt%2F2IhHToESjcGwyV1UKCj47MSzhhdOEVAlv1Zt2Vwg%3D%3D&checksum=29256314703319824266a33c4485ac797aedd2d0eaaa
Details about   Men's Fashion Luxury Watch Stainless Steel Band Sport Analog Quartz Wristwatches,$12.99,US,"1,570",https://www.ebay.com/itm/Mens-Fashion-Luxury-Watch-Stainless-Steel-Band-Sport-Analog-Quartz-Wristwatches/291811439713?_trkparms=ispr%3D1&hash=item43f1513461:m:mkSaGlxO_zwvsagujI2vQpQ&enc=AQAEAAACQBPxNw%2BVj6nta7CKEs3N0qUC7uJTjA0ZAK627dcmYhHYnNXp7c1j0o6LFLfF%2BHj0DCNHTnucsBEsND3N8YftA%2Bf7Y93Z35Hnmc4mdiQoXrr%2B7%2B97a4Pkmuu4t0lhDDOdaVpXvc49niAt20Tw2Dzr5Y%2FkFkKhCm4w6ifcPGFMHfLJ5r1IEWRY6KAPet%2B4KaRH6ytLsz2JCHHIQSAyihL3O6VxnMgz2%2FARz5a6uoFRzO%2B8YeKokyyPO25%2BVyQqlkEt08bpevkxtp40WBhqReatNBvSYmg878U0AdgcdX5fhpoFdAjnzuaC5XXWgSHZAVPZqWUdjKRiduY6kU1dfaUMoqLcf4gM0javc5yZZDwHvQuXm6TyyW1g%2BCFjYmYH4LvAE%2FCRCpAF2bWBT9sTupOGXB11w%2FiZDYzkDDjFlwlkttgeeRDsask%2BHjaUDdb5zqH3Zv2Iuxa%2BVlm8FIZTQD4MaXxDW5dyoAFK7QlKJaDKE%2FTJLv4Ockn%2B6lYcxvSODcn2RHkuW8%2BLArrdeZAMXHKpVgU5KV8DwWpBjoKvJJPb7vlt%2Fe1Xpt8gKcF%2B7H39SJDlxM7OSTRpw6s9dytVt0SBhe7fiXmR598YjqLhLvYfMqDDDYOPAXf%2B2CbNa%2BvNiXQWPqiMqNbcy0imOsyltQvpwoa%2FMkkMJUUrVsBnP5n1mhh6kzIbCK0Y02%2FNodIZ9Nnx2PUnrOoU5GWok7pzn%2FDcysSfOrHUzOiCOj951JDhmMFMC5WlGOgrg2XS4y8OPIa4rQ%3D%3D&checksum=29181143971319824266a33c4485ac797aedd2d0eaaa&enc=AQAEAAACQBPxNw%2BVj6nta7CKEs3N0qUC7uJTjA0ZAK627dcmYhHYnNXp7c1j0o6LFLfF%2BHj0DCNHTnucsBEsND3N8YftA%2Bf7Y93Z35Hnmc4mdiQoXrr%2B7%2B97a4Pkmuu4t0lhDDOdaVpXvc49niAt20Tw2Dzr5Y%2FkFkKhCm4w6ifcPGFMHfLJ5r1IEWRY6KAPet%2B4KaRH6ytLsz2JCHHIQSAyihL3O6VxnMgz2%2FARz5a6uoFRzO%2B8YeKokyyPO25%2BVyQqlkEt08bpevkxtp40WBhqReatNBvSYmg878U0AdgcdX5fhpoFdAjnzuaC5XXWgSHZAVPZqWUdjKRiduY6kU1dfaUMoqLcf4gM0javc5yZZDwHvQuXm6TyyW1g%2BCFjYmYH4LvAE%2FCRCpAF2bWBT9sTupOGXB11w%2FiZDYzkDDjFlwlkttgeeRDsask%2BHjaUDdb5zqH3Zv2Iuxa%2BVlm8FIZTQD4MaXxDW5dyoAFK7QlKJaDKE%2FTJLv4Ockn%2B6lYcxvSODcn2RHkuW8%2BLArrdeZAMXHKpVgU5KV8DwWpBjoKvJJPb7vlt%2Fe1Xpt8gKcF%2B7H39SJDlxM7OSTRpw6s9dytVt0SBhe7fiXmR598YjqLhLvYfMqDDDYOPAXf%2B2CbNa%2BvNiXQWPqiMqNbcy0imOsyltQvpwoa%2FMkkMJUUrVsBnP5n1mhh6kzIbCK0Y02%2FNodIZ9Nnx2PUnrOoU5GWok7pzn%2FDcysSfOrHUzOiCOj951JDhmMFMC5WlGOgrg2XS4y8OPIa4rQ%3D%3D&checksum=29181143971319824266a33c4485ac797aedd2d0eaaa
Details about   Bulova Precisionist Men's Quartz Chronograph Silver-Tone Bracelet Watch 96B175,$229.99,US,601,https://www.ebay.com/itm/Bulova-Precisionist-Mens-Quartz-Chronograph-Silver-Tone-Bracelet-Watch-96B175/302947155184?epid=219528690&_trkparms=ispr%3D1&hash=item46890ebcf0:g:sDIAAOSweX5b2dKT:sc:FedExHomeDelivery!40291!US!-1&enc=AQAEAAACQBPxNw%2BVj6nta7CKEs3N0qVAv8NCpPbB7MrJuepPX9o7Uxc4qo3UnNhS%2FKcTuohqLhfi9Tj5bMz%2Bdvq76r8q2AUomAW6OALSzD8d4ndfg5ZUaYU%2Fq1cMSpjXUpEH6FhMObGiuouuR83VmOVBiVFUMlJfwAcZcHWZu6j0mDvay4lPd1X92n3lw0mgJZj1EUh78ekdpKveF46e%2FSCmsqAaL6yuETYmfywUK%2FW2g1plmX0mSyfoq20CkERhMlIafAtk8oJ3C8zJCoHVXh2F%2B8UgTLDYDVZXNdMfBn7CEj4MSTqyBK6KfQ3hXmk6vTETBc9Rb%2F3eFcpADspbWxKxk0whAFurBGlJe26PJyKdshB%2FKGXzsrCjbxTE8IeyrcmW7U%2F7JHYmcH8GjSF6kwC9p6WYbiD561CZgqMjlgORASDNd%2FpmlFMyyCIArJiaMVyKdkSRT2%2B6Px0dvmRiTWSjQRuLsE0oKbPQIbTBgheXOHs3gti7GnIMrt7jrDuEn74RnLAp564NH6ucZU8Ucel1jpUN4xvi7yRbBy%2FV%2B0E1oskC%2FZ1GXHJTKShlGOt1TnaBTmEchuAkRAeJSOMsul0up6Njsd%2FMTnG8Q%2FQXIdkbHdqs%2BHbQd8ygj0GdDoEIGE%2FmnfntALhwKmVRMasgry1FEAC7BGjAepwCkQh8dJzdghRFtUxATQldhTqrEvXbKGmDn00Llrdq9XxjfEER%2BHa2rq%2BxAW9%2BlHYoMS26ZBlzAOKUh%2Fx6frYcyiWjr5zwZj8NT3dwfQ%3D%3D&checksum=30294715518419824266a33c4485ac797aedd2d0eaaa&enc=AQAEAAACQBPxNw%2BVj6nta7CKEs3N0qVAv8NCpPbB7MrJuepPX9o7Uxc4qo3UnNhS%2FKcTuohqLhfi9Tj5bMz%2Bdvq76r8q2AUomAW6OALSzD8d4ndfg5ZUaYU%2Fq1cMSpjXUpEH6FhMObGiuouuR83VmOVBiVFUMlJfwAcZcHWZu6j0mDvay4lPd1X92n3lw0mgJZj1EUh78ekdpKveF46e%2FSCmsqAaL6yuETYmfywUK%2FW2g1plmX0mSyfoq20CkERhMlIafAtk8oJ3C8zJCoHVXh2F%2B8UgTLDYDVZXNdMfBn7CEj4MSTqyBK6KfQ3hXmk6vTETBc9Rb%2F3eFcpADspbWxKxk0whAFurBGlJe26PJyKdshB%2FKGXzsrCjbxTE8IeyrcmW7U%2F7JHYmcH8GjSF6kwC9p6WYbiD561CZgqMjlgORASDNd%2FpmlFMyyCIArJiaMVyKdkSRT2%2B6Px0dvmRiTWSjQRuLsE0oKbPQIbTBgheXOHs3gti7GnIMrt7jrDuEn74RnLAp564NH6ucZU8Ucel1jpUN4xvi7yRbBy%2FV%2B0E1oskC%2FZ1GXHJTKShlGOt1TnaBTmEchuAkRAeJSOMsul0up6Njsd%2FMTnG8Q%2FQXIdkbHdqs%2BHbQd8ygj0GdDoEIGE%2FmnfntALhwKmVRMasgry1FEAC7BGjAepwCkQh8dJzdghRFtUxATQldhTqrEvXbKGmDn00Llrdq9XxjfEER%2BHa2rq%2BxAW9%2BlHYoMS26ZBlzAOKUh%2Fx6frYcyiWjr5zwZj8NT3dwfQ%3D%3D&checksum=30294715518419824266a33c4485ac797aedd2d0eaaa
Details about   Casio Men's Quartz Multifunction Silver-Tone Bracelet 42mm Watch AE1200WHD-1A,$23.91,US,783,https://www.ebay.com/itm/Casio-Mens-Quartz-Multifunction-Silver-Tone-Bracelet-42mm-Watch-AE1200WHD-1A/183480552462?epid=11032705159&_trkparms=ispr%3D1&hash=item2ab84b0c0e:g:LmoAAOSwBgpbvo7g&enc=AQAEAAACQBPxNw%2BVj6nta7CKEs3N0qUeRJ89QtLnJ%2Ff60ESXlVlsgDHbe6la1vVoLKON01vU96uc35vBOQe2DkkubZ2q39GWSDwRCiG91WcGQ2B9mi1rUFjm9MqVgaEKdpiANgBf8h2ai%2FLAMJxA7Qw5uJ%2BLDGCEeDaPG2N5f8TANy4Y4UudXmG5KxkP%2FepIKdrsxizwat7YsnvoIfZe9chgAP%2BEnwYtSforP2CO1%2FHQcxxKhbIgJLA9ZrABp912d4YatI%2BgxuA5P7PyAlRHvUGSuUdStLwfX%2BB5glHa%2FIFCkfrXR59iSkftyE2EKEh9PNi11HPVeL5gAkVU71Y6bRvgHJZ%2Bpy%2Fhmzf%2FAUR3tEg7XfTvoCvKttJznPPcpsaQaCrjWcEYnVX9iRYZ66uj3q%2Bbn6m4%2B3OspSjLTu5dqNMME5c2EbN7q9B2GDZlm6rVnZjBx%2BldHHPjvlu9hVEcpiOBHNL4mlgfyeAULkV8VUIJgfMkVZNkb%2F4CF0kJuUF7zMCGEh0u8WSuC7XIaG4r0dV7LbrTNQGnqKrdFAPnmn8vcXz6191cPvbOV8FvdQEezG8tKBR9RYhb36T94ZJyWkvrRqvHfZLjNtGBQuzFL0vYJakx7UBVYL8f3XHHk4vNltvPKfN%2Bz2qBDs0sPZJoi75pWNlVFCkbS94LQNp90z9qIquekbXV4vqDvF9rchkPr0ta4B5yQcZjOZPaZRf%2Bfjpui9%2Fiv%2BM83qUIwDn%2FqK0naRB9Fxv24jyMOeSKjvfCU5EgMemU1g%3D%3D&checksum=18348055246219824266a33c4485ac797aedd2d0eaaa&enc=AQAEAAACQBPxNw%2BVj6nta7CKEs3N0qUeRJ89QtLnJ%2Ff60ESXlVlsgDHbe6la1vVoLKON01vU96uc35vBOQe2DkkubZ2q39GWSDwRCiG91WcGQ2B9mi1rUFjm9MqVgaEKdpiANgBf8h2ai%2FLAMJxA7Qw5uJ%2BLDGCEeDaPG2N5f8TANy4Y4UudXmG5KxkP%2FepIKdrsxizwat7YsnvoIfZe9chgAP%2BEnwYtSforP2CO1%2FHQcxxKhbIgJLA9ZrABp912d4YatI%2BgxuA5P7PyAlRHvUGSuUdStLwfX%2BB5glHa%2FIFCkfrXR59iSkftyE2EKEh9PNi11HPVeL5gAkVU71Y6bRvgHJZ%2Bpy%2Fhmzf%2FAUR3tEg7XfTvoCvKttJznPPcpsaQaCrjWcEYnVX9iRYZ66uj3q%2Bbn6m4%2B3OspSjLTu5dqNMME5c2EbN7q9B2GDZlm6rVnZjBx%2BldHHPjvlu9hVEcpiOBHNL4mlgfyeAULkV8VUIJgfMkVZNkb%2F4CF0kJuUF7zMCGEh0u8WSuC7XIaG4r0dV7LbrTNQGnqKrdFAPnmn8vcXz6191cPvbOV8FvdQEezG8tKBR9RYhb36T94ZJyWkvrRqvHfZLjNtGBQuzFL0vYJakx7UBVYL8f3XHHk4vNltvPKfN%2Bz2qBDs0sPZJoi75pWNlVFCkbS94LQNp90z9qIquekbXV4vqDvF9rchkPr0ta4B5yQcZjOZPaZRf%2Bfjpui9%2Fiv%2BM83qUIwDn%2FqK0naRB9Fxv24jyMOeSKjvfCU5EgMemU1g%3D%3D&checksum=18348055246219824266a33c4485ac797aedd2d0eaaa
Details about   Classic Mens Womens Luxury Leather Band Gold Tone Dial Analog Quartz Wrist Watch,$6.59/ea,US,"2,786",https://www.ebay.com/itm/Classic-Mens-Womens-Luxury-Leather-Band-Gold-Tone-Dial-Analog-Quartz-Wrist-Watch/171874423818?_trkparms=ispr%3D1&hash=item280483940a:m:m2ESyYK96-SB-wnlXXMWrzQ:sc:USPSFirstClass!40291!US!-1&enc=AQAEAAACQBPxNw%2BVj6nta7CKEs3N0qXbuYzbUlzlUPJYvvA%2BDY%2FGGDrmkEFBhJZe2BnBlL9EkK2ffddH6H7PsR4fIrUWqa5R7ZxaFZrUQHFw%2BiXNYbwUfUrjTcdeTXe7r1jCm%2F28J%2Bn9evN2%2BCx0iWlN%2FNV%2FhYqDEtRI2J05h36%2BXZXdc2z2WAyocTUv5PWDFME8Sx9NpLRkjO0mqPl7GEboqAZ18raVpNcIqxKYncx3K08HqL35oUORtInrzS8JPdJYZ6KUEcYdTsNpxTvyMBkShwT%2BhMdK9hkn3Urj%2BnXbC1tObraKfLap2F7Ds7wNRQBYTqgPidNjJVtFEzlMzN%2BPUBrDuTS0W3%2FnHny%2F%2FM7ETuekAx0TgPrgzmpEx3%2BM%2BBmDbCw5iJTJvV0jVRwThTUYnlCvBDrMLZ6n2jD5pABkTwBCD4%2FRZTvfSTxdgjVtkI3maGQGQSbXel7SEz3hDn%2FaUbt%2BdNdI3yrYc1AFcKBdw952UgVCZdcXB%2BhJS0aBCWrno3D5SjsZwoLoGuA5%2FiBBkuBSV04dmpdCrY272H%2BMtW%2Bgr%2ByjmAr2UqGE62%2FfK3kyW64y2CyNBsl1NBvoa8xbEoR8UdYbt5MaibzYUnXM807ePMcuy4o26UNwGcnfHhrwKN7d6be1BZ2w95vTEo2hSADDTFjkYsWU7l%2BQCwa3kDW0ZSxAGvBZhDvL3zo8iJXpaiFH565bX%2FXA0AjCX2llDYN7hpTDdASzmVYdEzEOBmIJNrl%2BQ9Bm1x7jm1zHKCinUortIw%3D%3D&checksum=17187442381819824266a33c4485ac797aedd2d0eaaa&enc=AQAEAAACQBPxNw%2BVj6nta7CKEs3N0qXbuYzbUlzlUPJYvvA%2BDY%2FGGDrmkEFBhJZe2BnBlL9EkK2ffddH6H7PsR4fIrUWqa5R7ZxaFZrUQHFw%2BiXNYbwUfUrjTcdeTXe7r1jCm%2F28J%2Bn9evN2%2BCx0iWlN%2FNV%2FhYqDEtRI2J05h36%2BXZXdc2z2WAyocTUv5PWDFME8Sx9NpLRkjO0mqPl7GEboqAZ18raVpNcIqxKYncx3K08HqL35oUORtInrzS8JPdJYZ6KUEcYdTsNpxTvyMBkShwT%2BhMdK9hkn3Urj%2BnXbC1tObraKfLap2F7Ds7wNRQBYTqgPidNjJVtFEzlMzN%2BPUBrDuTS0W3%2FnHny%2F%2FM7ETuekAx0TgPrgzmpEx3%2BM%2BBmDbCw5iJTJvV0jVRwThTUYnlCvBDrMLZ6n2jD5pABkTwBCD4%2FRZTvfSTxdgjVtkI3maGQGQSbXel7SEz3hDn%2FaUbt%2BdNdI3yrYc1AFcKBdw952UgVCZdcXB%2BhJS0aBCWrno3D5SjsZwoLoGuA5%2FiBBkuBSV04dmpdCrY272H%2BMtW%2Bgr%2ByjmAr2UqGE62%2FfK3kyW64y2CyNBsl1NBvoa8xbEoR8UdYbt5MaibzYUnXM807ePMcuy4o26UNwGcnfHhrwKN7d6be1BZ2w95vTEo2hSADDTFjkYsWU7l%2BQCwa3kDW0ZSxAGvBZhDvL3zo8iJXpaiFH565bX%2FXA0AjCX2llDYN7hpTDdASzmVYdEzEOBmIJNrl%2BQ9Bm1x7jm1zHKCinUortIw%3D%3D&checksum=17187442381819824266a33c4485ac797aedd2d0eaaa
Details about   Men's Luxury Mechanical Skeleton Watch Quartz Steel Mesh Band Wristwatches Gift,,,,https://www.ebay.com/itm/Mens-Luxury-Mechanical-Skeleton-Watch-Quartz-Steel-Mesh-Band-Wristwatches-Gift/323971066965?hash=item4b6e2e2c55:g:Rw8AAOSw4fhdp71i
Details about   Invicta Men's 50mm Pro Diver SCUBA Chrono Blue Fiber Glass Gold Tone 2Tone Watch,$79.79,US,,https://www.ebay.com/itm/Invicta-Mens-50mm-Pro-Diver-SCUBA-Chrono-Blue-Fiber-Glass-Gold-Tone-2Tone-Watch/303024882962?epid=25032156926&hash=item468db0c512:g:X08AAOSwq6VcNss7
Details about   Bulova Marinestar Mens Chronograph 98B198 Rose Gold with White face,$195.00,US,,https://www.ebay.com/itm/Bulova-Marinestar-Mens-Chronograph-98B198-Rose-Gold-with-White-face/184030678663?hash=item2ad9154e87:g:~1YAAOSwT9NdyC-s
Details about   NEW Invicta Mens 18K Gold Plated Stainless Steel Golden Dial Chronograph Watch!!,$65.95,US,,https://www.ebay.com/itm/NEW-Invicta-Mens-18K-Gold-Plated-Stainless-Steel-Golden-Dial-Chronograph-Watch/362496791820?hash=item54667e150c:g:UP4AAOSwl39bY9b7:sc:USPSPriority!40291!US!-1
Details about   Casio G-Shock Digital Anti-Magnetic Black Mens Watch GA110GB-1A,$69.99,US,295,https://www.ebay.com/itm/Casio-G-Shock-Digital-Anti-Magnetic-Black-Mens-Watch-GA110GB-1A/254255393571?epid=144489797&hash=item3b32cd6b23:g:sVoAAOSwOolc9RjD
Details about   Invicta Men's Pro Diver Stainless Steel 43mm Quartz Watch 30609-30618,$45.99,US,238,https://www.ebay.com/itm/Invicta-Mens-Pro-Diver-Stainless-Steel-43mm-Quartz-Watch-30609-30618/133224249944?hash=item1f04c8ba58:m:m1FawEVJHqtxtSfuVnMJntw
Details about   Invicta Men's 48mm Scuba Pro Diver Chronograph ABALONE Dial Gold Tone SS Watch,$84.99,US,,https://www.ebay.com/itm/Invicta-Mens-48mm-Scuba-Pro-Diver-Chronograph-ABALONE-Dial-Gold-Tone-SS-Watch/293222075400?epid=2306090749&hash=item444565cc08:g:vxwAAOSwCVtb5jMA
Details about   NEW Invicta Mens 18K Gold Plated Stainless Steel Swiss Chronograph Capsule Watch,$129.99,US,,https://www.ebay.com/itm/NEW-Invicta-Mens-18K-Gold-Plated-Stainless-Steel-Swiss-Chronograph-Capsule-Watch/143396618170?epid=17034686576&hash=item21631abfba:g:QgYAAOSwaF5djubw:sc:USPSPriority!40291!US!-1
Details about   Invicta Men's Watch Pro Diver Quartz Black Dial Dive Quartz Bracelet 8932OB,$49.99,US,10,https://www.ebay.com/itm/Invicta-Mens-Watch-Pro-Diver-Quartz-Black-Dial-Dive-Quartz-Bracelet-8932OB/331897627367?epid=222453104&hash=item4d46a3e2e7:g:P-cAAOSwZc1dlKJV
Details about   Men Military Army Green Analog Digital Quartz Nylon Canvas Wrist Watch Sport US,$16.64,US,"5,254",https://www.ebay.com/itm/Men-Military-Army-Green-Analog-Digital-Quartz-Nylon-Canvas-Wrist-Watch-Sport-US/142464510312?_trkparms=ispr%3D1&hash=item212b8be968:g:8YMAAOSwXrdZ7qr8:sc:USPSFirstClass!40291!US!-1&enc=AQAEAAACQBPxNw%2BVj6nta7CKEs3N0qW25gt0Xf8NPNCRNg2h4AtLnkEZMweAzmlwkAJgwUOQ26TgLPu3bWtQriPKQTprVQhtP6imlhlsTcS05vFmZkmySnsu03qSv82yAoRRSV%2B01quB6B3xIf0Hrg8EkbrIMdbK9VpaExeXny8nscIqqaPTNnuvau3SCbG1LCH%2FsEfOtSq%2B4fDGzekCDM8XVCIJJGJHoZqFcIC%2F%2FNfCEVXxVsiDZSX2hw5Nn1JEXriFK16ql7MhMoOfi%2Fd7GvCLQi8T0x5lU7fuMf18aPtD%2BgX84QcNUfe%2BuLG7u4E59vb9sse8198IgjwWepbjBk1y7pBotApr7jDTZQxc3%2FSAcIenlcDQWqZrV6gDrJoU9%2FZBPHioFYeUg6FWgFHzPjhAvghFu6cFaZnQdmAIMDD7r4w5Bovcj9jc52G5M5Ga27seuFU6uACU0v7n8bWq%2BD1rn%2F03SVNCIlIefM%2FImhW7JnFaKyaEGOJ%2BEK4b5k%2F0oRIpy8HPKpkMvmZMsUIarxUzvpPK7j6VtYyc4M%2FXWxtbwyIu3wjpEia1rNj5lBW2oolNR6BXTJVJEfYNghJIWewIcv9HULGcbBhajDmYlzJESvkOftoX4yEGlHUJfxFh3jWTukZVpulkkAvc%2Fhde3dsWjfBI8K%2BdQAUf7F6X1%2B%2BrflkOgaWcuhJNjNj1Gcw66UqC6PcW%2BVkK19Lhbw0T6krTlN6JDgWrVIWyVHcIXCEZCdFSbxE2EaV3oeEUJJVG1HQlxzd6TA%3D%3D&checksum=14246451031219824266a33c4485ac797aedd2d0eaaa&enc=AQAEAAACQBPxNw%2BVj6nta7CKEs3N0qW25gt0Xf8NPNCRNg2h4AtLnkEZMweAzmlwkAJgwUOQ26TgLPu3bWtQriPKQTprVQhtP6imlhlsTcS05vFmZkmySnsu03qSv82yAoRRSV%2B01quB6B3xIf0Hrg8EkbrIMdbK9VpaExeXny8nscIqqaPTNnuvau3SCbG1LCH%2FsEfOtSq%2B4fDGzekCDM8XVCIJJGJHoZqFcIC%2F%2FNfCEVXxVsiDZSX2hw5Nn1JEXriFK16ql7MhMoOfi%2Fd7GvCLQi8T0x5lU7fuMf18aPtD%2BgX84QcNUfe%2BuLG7u4E59vb9sse8198IgjwWepbjBk1y7pBotApr7jDTZQxc3%2FSAcIenlcDQWqZrV6gDrJoU9%2FZBPHioFYeUg6FWgFHzPjhAvghFu6cFaZnQdmAIMDD7r4w5Bovcj9jc52G5M5Ga27seuFU6uACU0v7n8bWq%2BD1rn%2F03SVNCIlIefM%2FImhW7JnFaKyaEGOJ%2BEK4b5k%2F0oRIpy8HPKpkMvmZMsUIarxUzvpPK7j6VtYyc4M%2FXWxtbwyIu3wjpEia1rNj5lBW2oolNR6BXTJVJEfYNghJIWewIcv9HULGcbBhajDmYlzJESvkOftoX4yEGlHUJfxFh3jWTukZVpulkkAvc%2Fhde3dsWjfBI8K%2BdQAUf7F6X1%2B%2BrflkOgaWcuhJNjNj1Gcw66UqC6PcW%2BVkK19Lhbw0T6krTlN6JDgWrVIWyVHcIXCEZCdFSbxE2EaV3oeEUJJVG1HQlxzd6TA%3D%3D&checksum=14246451031219824266a33c4485ac797aedd2d0eaaa
Details about   Luxury Men's Analog Date Slim Mesh Stainless Steel Dress Wrist Watch Waterproof,$12.99,US,"2,774",https://www.ebay.com/itm/Luxury-Mens-Analog-Date-Slim-Mesh-Stainless-Steel-Dress-Wrist-Watch-Waterproof/283330220621?_trkparms=ispr%3D1&hash=item41f7cc124d:m:myd2VZnj1dPP1DU13XU0ygw:sc:USPSFirstClass!40291!US!-1&enc=AQAEAAACQBPxNw%2BVj6nta7CKEs3N0qXQueiQ5hhUSUC2%2FGqdtFNLz2FnMm5GfaGyVmnzUYxbT9b6fjjv7TDk1r%2FTZrtNFfiKP6c1NKlHSSyM6ElNDTNykOKBHwROROWNSG%2Fz0R5RJQdQP8DVFgJaQ27Li%2ByOHkWvxzx4YNYESN8GO22dOrew%2FFtHls78XnOuqntvYcShwfdwVnIXTedTT3EUlAIz8kECNS%2FbGsTZ7sCDmvsv0eywP8meIEwT1SefhxAIAdsSHIW8UMiZigWPZWa4Js9AGwu4cQS9Lti22j0RgTKa%2BsvG3BZJ%2FMFExI56NOtIfBvfOzUESeSui7QBrm2RkeCAEmTxm69klkTqRo0Tp8iEtHcoauTS9LENpQlVkW48sYRWHBRrGaSRywv3oJJhrEw23nHNo2steAqP2t7ks2APCqQH%2FqLd9tu65T05%2FILDfh6VOo0ZBDrJ1nW%2FleFhO4R5AfltYgwDQ4CQUhY9NXYUKu18fNspnZNJMWLQs9DaoQxSL%2BrvHWu3sE9EffnF%2Bz1m3eMo%2BQSzIWaAR1dq1AvV0gasKQnqf%2F5htPif0YwDr2EGF3ABRLCl89RgXduo6fdY%2FbI8FM%2BBkPj1tgQ%2B7ot9ZZuEAmvvnsTHD7Eu37X3KgGo0k3raYa8LLKFP6KFp2U%2FBo6mPDmAw9fZ3xrbqlVOSUXfYs2HFwrtGvyxLlnw5dfh7GElk7NQkYCrHnQR6rmlCvADY%2FDwEoLa8oknKFV2OCFJT6qAdtcbgkPGzP6aRRjXqg%3D%3D&checksum=28333022062119824266a33c4485ac797aedd2d0eaaa&enc=AQAEAAACQBPxNw%2BVj6nta7CKEs3N0qXQueiQ5hhUSUC2%2FGqdtFNLz2FnMm5GfaGyVmnzUYxbT9b6fjjv7TDk1r%2FTZrtNFfiKP6c1NKlHSSyM6ElNDTNykOKBHwROROWNSG%2Fz0R5RJQdQP8DVFgJaQ27Li%2ByOHkWvxzx4YNYESN8GO22dOrew%2FFtHls78XnOuqntvYcShwfdwVnIXTedTT3EUlAIz8kECNS%2FbGsTZ7sCDmvsv0eywP8meIEwT1SefhxAIAdsSHIW8UMiZigWPZWa4Js9AGwu4cQS9Lti22j0RgTKa%2BsvG3BZJ%2FMFExI56NOtIfBvfOzUESeSui7QBrm2RkeCAEmTxm69klkTqRo0Tp8iEtHcoauTS9LENpQlVkW48sYRWHBRrGaSRywv3oJJhrEw23nHNo2steAqP2t7ks2APCqQH%2FqLd9tu65T05%2FILDfh6VOo0ZBDrJ1nW%2FleFhO4R5AfltYgwDQ4CQUhY9NXYUKu18fNspnZNJMWLQs9DaoQxSL%2BrvHWu3sE9EffnF%2Bz1m3eMo%2BQSzIWaAR1dq1AvV0gasKQnqf%2F5htPif0YwDr2EGF3ABRLCl89RgXduo6fdY%2FbI8FM%2BBkPj1tgQ%2B7ot9ZZuEAmvvnsTHD7Eu37X3KgGo0k3raYa8LLKFP6KFp2U%2FBo6mPDmAw9fZ3xrbqlVOSUXfYs2HFwrtGvyxLlnw5dfh7GElk7NQkYCrHnQR6rmlCvADY%2FDwEoLa8oknKFV2OCFJT6qAdtcbgkPGzP6aRRjXqg%3D%3D&checksum=28333022062119824266a33c4485ac797aedd2d0eaaa
Details about   Bulova Marine Star Men's Quartz Chronograph Rose Gold Tone 45mm Watch 98B301,$159.99,US,346,https://www.ebay.com/itm/Bulova-Marine-Star-Mens-Quartz-Chronograph-Rose-Gold-Tone-45mm-Watch-98B301/113690863194?epid=4033519011&hash=item1a7880e65a:g:JjcAAOSwKqNchta3:sc:FedExHomeDelivery!40291!US!-1
Details about   Casio G-Shock Classic Series Analog-Digital Black Dial Men's Watch GA100-1A1CR,$56.62,US,"1,240",https://www.ebay.com/itm/Casio-G-Shock-Classic-Series-Analog-Digital-Black-Dial-Mens-Watch-GA100-1A1CR/153242714823?epid=141097660&hash=item23adfa42c7:g:AOoAAOSwcDdcCtUW
Details about   Invicta Men's 52mm Pro Diver OCEAN VOYAGER Chronograph Ocean Blue Dial SS Watch,$74.99,US,,https://www.ebay.com/itm/Invicta-Mens-52mm-Pro-Diver-OCEAN-VOYAGER-Chronograph-Ocean-Blue-Dial-SS-Watch/293116658913?epid=3034916107&hash=item443f1d44e1:g:wEQAAOSwm5NdlsuP
Details about   CASIO DW9052-1V Mens Classic G-SHOCK Black Resin Digital Chronograph Sport Watch,$40.89,US,604,https://www.ebay.com/itm/CASIO-DW9052-1V-Mens-Classic-G-SHOCK-Black-Resin-Digital-Chronograph-Sport-Watch/254136341292?epid=86072513&hash=item3b2bb4d32c:g:UrYAAOSwFdtX1sD5
Details about   Invicta 30029 Pro Diver Men's 50mm Chronograph Gold-Tone Charcoal Dial Watch,$81.23,US,120,https://www.ebay.com/itm/Invicta-30029-Pro-Diver-Mens-50mm-Chronograph-Gold-Tone-Charcoal-Dial-Watch/333269011046?epid=20034595653&hash=item4d98618a66:g:PJsAAOSwmNRdLhrr
Details about   Invicta Mens S1 Yakuza Dragon 24J Automatic 18K Matte Gold IP Brown Strap Watch,$79.00,US,13,https://www.ebay.com/itm/Invicta-Mens-S1-Yakuza-Dragon-24J-Automatic-18K-Matte-Gold-IP-Brown-Strap-Watch/133205089493?hash=item1f03a45cd5:g:wWYAAOSwCJxaF0iN:sc:USPSPriority!40291!US!-1
Details about   Men's Invicta Pro Diver 18k GOLD Plated SS Chronograph Champagne Dial $695 Watch,$65.97,US,"1,447",https://www.ebay.com/itm/Mens-Invicta-Pro-Diver-18k-GOLD-Plated-SS-Chronograph-Champagne-Dial-695-Watch/142512798022?hash=item212e6cb946:g:9TkAAOSwRrlb5HY~:sc:USPSPriorityMailPaddedFlatRateEnvelope!40291!US!-1
Details about   Casio G-shock Men's Black Out Series Analog Digital watch G100BB-1A,$61.07,US,,https://www.ebay.com/itm/Casio-G-shock-Mens-Black-Out-Series-Analog-Digital-watch-G100BB-1A/232811726486?epid=25028305797&_trkparms=ispr%3D1&hash=item3634a90696:g:DcEAAOSwtNFbKQxP&enc=AQAEAAACQBPxNw%2BVj6nta7CKEs3N0qXdZs%2F0FliTDYBekfGZzp2EohPWt2%2FOG4Mt6%2BeovA9c1l4Pv%2Fus98iLEPH0Uz8YiXFg9Gkp9VkXUQzWi4keCcIYlbid2GWWQxcXPz2RAGvYamTmhOgB0xwoUoWzG13tmanidMx%2B%2BS%2B3PBshk6wm5DMwR6dVBUwK2BlskeDjxK%2B76jDFkAd2Nwvq8Y4NM931H%2FfWVsTO%2Fa9HmG%2FXHY5ZRQIP0K4kIPk3Coc8wWC6w9xjbXQD5BL366kZQSqpPYd5ctjYcS%2FI5Qar85vy6S7jhLo0%2BKb0MtcZEFofuCvdmya539ZQ6fiMvr2qOiC0mGcAD%2FR3P4Rh92RLaZvyYBK6AM%2BbXE0i44so6svMVvk42Ebkks927VggoQcZIoTDxQSFAw8e3S2yMjB4WePIaAmxnuoAUo%2F%2F%2B2uo3aAldDR7ISsGbv2%2BCOr4NYI%2BvWTNMFcrqwo2z0zcF%2FpVC89Zyb%2F8dfNaeNxjPV%2BvOsFQz3%2BbEMFiWtMNSqhuPXRgTNgCd1k2vRhhUAjnZ6KTzrTF80tLfpg6NAsL%2FdkTypzTogZ8hxPhrT4VSvk8yUHZY6w93U9hZDEcJ%2BcX2bFD6ChGRa1uc%2FIJCQDpJ%2FB8Iu5ddZesBuyeD2N9LhcrcmHxcMjXBWbMMhymO3%2BY4gNJG0OHsDI6vjFGiLqns%2BoPWJ%2Bmfvrok%2FSQ50W4ev7uVSyPogAwsWgv84ykYT%2BN9rYwm2bYdXA%2FVORDKGX1rfUsPaDlkhsH%2BUwmMQ%3D%3D&checksum=23281172648619824266a33c4485ac797aedd2d0eaaa&enc=AQAEAAACQBPxNw%2BVj6nta7CKEs3N0qXdZs%2F0FliTDYBekfGZzp2EohPWt2%2FOG4Mt6%2BeovA9c1l4Pv%2Fus98iLEPH0Uz8YiXFg9Gkp9VkXUQzWi4keCcIYlbid2GWWQxcXPz2RAGvYamTmhOgB0xwoUoWzG13tmanidMx%2B%2BS%2B3PBshk6wm5DMwR6dVBUwK2BlskeDjxK%2B76jDFkAd2Nwvq8Y4NM931H%2FfWVsTO%2Fa9HmG%2FXHY5ZRQIP0K4kIPk3Coc8wWC6w9xjbXQD5BL366kZQSqpPYd5ctjYcS%2FI5Qar85vy6S7jhLo0%2BKb0MtcZEFofuCvdmya539ZQ6fiMvr2qOiC0mGcAD%2FR3P4Rh92RLaZvyYBK6AM%2BbXE0i44so6svMVvk42Ebkks927VggoQcZIoTDxQSFAw8e3S2yMjB4WePIaAmxnuoAUo%2F%2F%2B2uo3aAldDR7ISsGbv2%2BCOr4NYI%2BvWTNMFcrqwo2z0zcF%2FpVC89Zyb%2F8dfNaeNxjPV%2BvOsFQz3%2BbEMFiWtMNSqhuPXRgTNgCd1k2vRhhUAjnZ6KTzrTF80tLfpg6NAsL%2FdkTypzTogZ8hxPhrT4VSvk8yUHZY6w93U9hZDEcJ%2BcX2bFD6ChGRa1uc%2FIJCQDpJ%2FB8Iu5ddZesBuyeD2N9LhcrcmHxcMjXBWbMMhymO3%2BY4gNJG0OHsDI6vjFGiLqns%2BoPWJ%2Bmfvrok%2FSQ50W4ev7uVSyPogAwsWgv84ykYT%2BN9rYwm2bYdXA%2FVORDKGX1rfUsPaDlkhsH%2BUwmMQ%3D%3D&checksum=23281172648619824266a33c4485ac797aedd2d0eaaa
Details about   NEW Citizen Military Men's Eco-Drive Watch - BM8180-03E,$75.27,US,,https://www.ebay.com/itm/NEW-Citizen-Military-Mens-Eco-Drive-Watch-BM8180-03E/392401755910?epid=70317213&_trkparms=ispr%3D1&hash=item5b5cf79f06:g:ofAAAOSw1MRdZZgJ:sc:USPSFirstClass!40291!US!-1&enc=AQAEAAACQBPxNw%2BVj6nta7CKEs3N0qU%2FBF3QBxQzMJooXaoaPSAQSRqwcg08YIi9jUMtlYpeaVS7lWGwl9NOSxDKzRP2DxhClQbilXK6%2FITygoCHCXFAM5fDspKaAiS1yQho5%2B2PJi10GLeRhvBHV51PX708SMtqNuzmWsNRM0ZSfGOvbknhmSvzd81cTYkqMRDhXfqrD4UuLcu3yWCSlxOaPcAM8qJ6LWFUmQh2%2FZS%2BSLRseKGjhLEOyRB52eAyx3PDY1SCuUe1Mq3mdo0p9x4ZRRIbboLPk3cWh0q%2FTWbIVBTUTRaWYedQt%2FYJeufWtaYRXcBTqKIaqyQFgIxtodffVu3pKHdV4zHi7qoyY1qEMi%2BdU4DxCA90rjdk68rmDOvuws2HivFdigJbtFFJW7x30JgI3pyUOyoKFk6eDaLxGDmURgLiVCtqKcaKSwY%2ByVhI0OOePdnwTj1Q6tDSvboYPLhI3KAwvSgYlpVbLMW%2F%2Fq5aBlrwrR8Drj0k9GwhDgCDliM36J%2BREgXrRjhhryFOi9jicZCXu%2Fpy0Q566dKt748hhexHO60xv7lCRVeQNg5VbSA54U2ytWqsGo0HqeZCoBfzi1ptUyYzhIPWNZ2%2BBiCMoY5DwFBT8F0DrV%2BpodHHUY8twL9IuNewXizL%2Br4S2yMPKmGFCXB4GexxuLJpPFtio1gYYBLTuPvKbYw1eSH2uZSKsaQN4YCz3v3iUBdJorVMbeKHKIsJ1ntCrtme5%2FlEN3Xq9TnTLFBJH%2Bo6RCahC3XrSg%3D%3D&checksum=39240175591019824266a33c4485ac797aedd2d0eaaa&enc=AQAEAAACQBPxNw%2BVj6nta7CKEs3N0qU%2FBF3QBxQzMJooXaoaPSAQSRqwcg08YIi9jUMtlYpeaVS7lWGwl9NOSxDKzRP2DxhClQbilXK6%2FITygoCHCXFAM5fDspKaAiS1yQho5%2B2PJi10GLeRhvBHV51PX708SMtqNuzmWsNRM0ZSfGOvbknhmSvzd81cTYkqMRDhXfqrD4UuLcu3yWCSlxOaPcAM8qJ6LWFUmQh2%2FZS%2BSLRseKGjhLEOyRB52eAyx3PDY1SCuUe1Mq3mdo0p9x4ZRRIbboLPk3cWh0q%2FTWbIVBTUTRaWYedQt%2FYJeufWtaYRXcBTqKIaqyQFgIxtodffVu3pKHdV4zHi7qoyY1qEMi%2BdU4DxCA90rjdk68rmDOvuws2HivFdigJbtFFJW7x30JgI3pyUOyoKFk6eDaLxGDmURgLiVCtqKcaKSwY%2ByVhI0OOePdnwTj1Q6tDSvboYPLhI3KAwvSgYlpVbLMW%2F%2Fq5aBlrwrR8Drj0k9GwhDgCDliM36J%2BREgXrRjhhryFOi9jicZCXu%2Fpy0Q566dKt748hhexHO60xv7lCRVeQNg5VbSA54U2ytWqsGo0HqeZCoBfzi1ptUyYzhIPWNZ2%2BBiCMoY5DwFBT8F0DrV%2BpodHHUY8twL9IuNewXizL%2Br4S2yMPKmGFCXB4GexxuLJpPFtio1gYYBLTuPvKbYw1eSH2uZSKsaQN4YCz3v3iUBdJorVMbeKHKIsJ1ntCrtme5%2FlEN3Xq9TnTLFBJH%2Bo6RCahC3XrSg%3D%3D&checksum=39240175591019824266a33c4485ac797aedd2d0eaaa
Details about   Bulova Men's Automatic Skeleton Exhibition Caseback Brown 42mm Watch 96A120,$174.99,US,109,https://www.ebay.com/itm/Bulova-Mens-Automatic-Skeleton-Exhibition-Caseback-Brown-42mm-Watch-96A120/113928079285?epid=178754519&hash=item1a86a487b5:g:rxcAAOSwrrldqb5F:sc:FedExHomeDelivery!40291!US!-1
Details about   Bulova Precisionist Men's Langford Quartz Black Leather Band 42mm Watch 96B158,$89.99,US,83,https://www.ebay.com/itm/Bulova-Precisionist-Mens-Langford-Quartz-Black-Leather-Band-42mm-Watch-96B158/303289398068?epid=1900146445&hash=item469d74f334:g:OcEAAOSwWspbNN9l:sc:FedExHomeDelivery!40291!US!-1
Details about   NEW Invicta Mens S1 Yakuza Dragon NH35A Automatic Black IP Stainless St. Watch,$89.99,US,,https://www.ebay.com/itm/NEW-Invicta-Mens-S1-Yakuza-Dragon-NH35A-Automatic-Black-IP-Stainless-St-Watch/362768130798?hash=item5476aa62ee:g:Nr8AAOSwPzRdjt63:sc:USPSPriority!40291!US!-1
Details about   Bulova CURV Men's Quartz Gray Dial Silicone Black Band 44mm Watch 98A161 ,$274.99,US,27,https://www.ebay.com/itm/Bulova-CURV-Mens-Quartz-Gray-Dial-Silicone-Black-Band-44mm-Watch-98A161/293260815062?epid=11032158620&hash=item4447b4ead6:g:8M8AAOSwcBZb2ImC:sc:FedExHomeDelivery!40291!US!-1
Details about   Citizen Eco-Drive Men's Super Titanium Calendar 44mm Bracelet Watch AW0060-54A,$94.99,US,182,https://www.ebay.com/itm/Citizen-Eco-Drive-Mens-Super-Titanium-Calendar-44mm-Bracelet-Watch-AW0060-54A/303251419999?epid=2305238701&hash=item469b31735f:g:0RcAAOSwti1dVvIT:sc:FedExHomeDelivery!40291!US!-1
Details about   Citizen Eco-Drive CTO Men's Blue Dial Mesh Bracelet 42mm Watch BM6990-55L,$54.99,US,371,https://www.ebay.com/itm/Citizen-Eco-Drive-CTO-Mens-Blue-Dial-Mesh-Bracelet-42mm-Watch-BM6990-55L/263525993603?epid=2256007946&hash=item3d5b5f8c83:g:g0IAAOSwTlFajJA2
Details about   New Mens Invicta Limited CRUISELINE Swiss 46mm Blue Dial Crown Guard Watch,$59.95,US,,https://www.ebay.com/itm/New-Mens-Invicta-Limited-CRUISELINE-Swiss-46mm-Blue-Dial-Crown-Guard-Watch/123818192023?hash=item1cd423ac97:g:-JQAAOSwumJdFkLy:sc:USPSPriority!40291!US!-1
Details about   Invicta Men 48mm Pro Diver SCUBA Chronograph Black Dial 18k Gold Plated SS Watch,$79.99,US,,https://www.ebay.com/itm/Invicta-Men-48mm-Pro-Diver-SCUBA-Chronograph-Black-Dial-18k-Gold-Plated-SS-Watch/292229633243?epid=174044962&hash=item440a3e54db:g:k1QAAOSwCotZo4S5
Details about   Bulova Classic Men's 96B262 Quartz Chronograph Black Leather Strap 41mm Watch,$76.99,US,337,https://www.ebay.com/itm/Bulova-Classic-Mens-96B262-Quartz-Chronograph-Black-Leather-Strap-41mm-Watch/302947154742?hash=item46890ebb36:g:iE4AAOSwDAdb2dBd
Details about   Fashion Curren Mens Date Stainless Steel Leather Analog Quartz Sport Wrist Watch,$12.99,US,"5,308",https://www.ebay.com/itm/Fashion-Curren-Mens-Date-Stainless-Steel-Leather-Analog-Quartz-Sport-Wrist-Watch/351813524806?hash=item51e9b85d46:m:mnAjAHMLQ3JeMp3QZXma-Ww
Details about   Bulova Sport Men's Quartz Chronograph Black Dial Blue Band 43mm Watch 98A190,$89.99,US,334,https://www.ebay.com/itm/Bulova-Sport-Mens-Quartz-Chronograph-Black-Dial-Blue-Band-43mm-Watch-98A190/263981105844?epid=4034356896&hash=item3d768002b4:g:6DMAAOSw2jNbu87l:sc:FedExHomeDelivery!40291!US!-1
Details about   Bulova Precisionist Men's Chronograph Quartz Gray Multi Dial 44.5mm Watch 96B260,$159.99,US,60,https://www.ebay.com/itm/Bulova-Precisionist-Mens-Chronograph-Quartz-Gray-Multi-Dial-44-5mm-Watch-96B260/113860287414?hash=item1a829a1bb6:g:a6wAAOSwrfVZSYHW:sc:FedExHomeDelivery!40291!US!-1
Details about   Stuhrling Aqua-Diver 3968 Swiss Quartz Men's Silver Bracelet Black Dial Watch,$68.54,US,241,https://www.ebay.com/itm/Stuhrling-Aqua-Diver-3968-Swiss-Quartz-Mens-Silver-Bracelet-Black-Dial-Watch/283493307120?hash=item42018492f0:g:l~oAAOSweqpc5aao
Details about   Men's Sport Army Military Alarm Calendar Dual 50M Waterproof Digital Wrist Watch,$11.99,US,234,https://www.ebay.com/itm/Mens-Sport-Army-Military-Alarm-Calendar-Dual-50M-Waterproof-Digital-Wrist-Watch/392388182168?_trkparms=ispr%3D1&hash=item5b5c288098:m:murg_o232vmSEoikb_BnqHg:sc:USPSFirstClass!40291!US!-1&enc=AQAEAAACQBPxNw%2BVj6nta7CKEs3N0qV1yEHW%2BX3BQ3lRYRJaMcHOBIGhc73YabhIWmTfzxi%2FMOebXrEocpVpLFTOisSAooqcxNtPjpLMApGJQpQ01qO0A0LF42oxPuugJGZ%2BI8EA7OduLgA1u90TyJOxtmSOOYETJCIAgy0vfDdNTRSMh3pztdJTOcjTwFf4N57J5ukHx0mIGI54RsfZroEXFG6veSP48BkCB%2FuCm3qF4nlB6PQxE6knf%2F94MCmnRZcaZnuffRSZ1dS2RdRZVy3BDE8YTJPruHk0%2F1kvnzBZLbJ%2FZbwtxGJv0imRZHccI8yjoeEoHhlksoh%2FJCodXyfAzPNOAbN3y6fAP4JRM926BjeFqCJ8kn%2B%2FCMAFAEZBoeXL1x1hPYaxPqTan%2FHCkdlq%2B1kV12bxh%2BwYTgRUubPqXYbYFXoOedoq1IBj1vV%2Bj784ts4PxHD5PKOhc8lOaJpsWAnGjzZU1J7sHWZnhw2iGFNVB2idADQPfH7pYQb54IQFTVQ9iXUZjlz1BnsFqT8q%2BExvJx9OnvpD8WI%2FtejTACIesSksew7aTgQjO%2BVYRXf6%2BaPE3GaEP8MbDEJyjIh%2FRUn%2FzZGu1%2BOW%2Bhu4TnBCeM2%2BJ00Xu6deWkeQUeeG7Ydng3s5oF0tpz9sQb6wPjIBxYed5CgqfSg1ti9ct%2B0HSlTDQr4SXFvb%2Fx0MZlTKuK%2FnGq70paYcBwKbw472IJki1c051%2BxtLJolka4CY73A%2BQ%2FipkO95NjI%2F1iRb3MxQg5w%2Bu%2BWqA%3D%3D&checksum=39238818216819824266a33c4485ac797aedd2d0eaaa&enc=AQAEAAACQBPxNw%2BVj6nta7CKEs3N0qV1yEHW%2BX3BQ3lRYRJaMcHOBIGhc73YabhIWmTfzxi%2FMOebXrEocpVpLFTOisSAooqcxNtPjpLMApGJQpQ01qO0A0LF42oxPuugJGZ%2BI8EA7OduLgA1u90TyJOxtmSOOYETJCIAgy0vfDdNTRSMh3pztdJTOcjTwFf4N57J5ukHx0mIGI54RsfZroEXFG6veSP48BkCB%2FuCm3qF4nlB6PQxE6knf%2F94MCmnRZcaZnuffRSZ1dS2RdRZVy3BDE8YTJPruHk0%2F1kvnzBZLbJ%2FZbwtxGJv0imRZHccI8yjoeEoHhlksoh%2FJCodXyfAzPNOAbN3y6fAP4JRM926BjeFqCJ8kn%2B%2FCMAFAEZBoeXL1x1hPYaxPqTan%2FHCkdlq%2B1kV12bxh%2BwYTgRUubPqXYbYFXoOedoq1IBj1vV%2Bj784ts4PxHD5PKOhc8lOaJpsWAnGjzZU1J7sHWZnhw2iGFNVB2idADQPfH7pYQb54IQFTVQ9iXUZjlz1BnsFqT8q%2BExvJx9OnvpD8WI%2FtejTACIesSksew7aTgQjO%2BVYRXf6%2BaPE3GaEP8MbDEJyjIh%2FRUn%2FzZGu1%2BOW%2Bhu4TnBCeM2%2BJ00Xu6deWkeQUeeG7Ydng3s5oF0tpz9sQb6wPjIBxYed5CgqfSg1ti9ct%2B0HSlTDQr4SXFvb%2Fx0MZlTKuK%2FnGq70paYcBwKbw472IJki1c051%2BxtLJolka4CY73A%2BQ%2FipkO95NjI%2F1iRb3MxQg5w%2Bu%2BWqA%3D%3D&checksum=39238818216819824266a33c4485ac797aedd2d0eaaa
Details about   Kenneth Cole Unlisted Mens Stainless Steel Watch UL 77612,$26.95,US,593,https://www.ebay.com/itm/Kenneth-Cole-Unlisted-Mens-Stainless-Steel-Watch-UL-77612/273049037154?_trkparms=ispr%3D1&hash=item3f92fda962:g:fDwAAOSwKtlWtjSn:sc:USPSFirstClass!40291!US!-1&enc=AQAEAAACQBPxNw%2BVj6nta7CKEs3N0qWHXGJx0PCLIsBiVACulgpLKF4D2Pmws%2BnxojZ1LUtOSwtAmwJz7jNh61CY5AAQm2UuABbrKospn%2FIS%2BqsbCLQq2b6ucXcHDB%2BwcHX8EOMXMZ73HMoVHrlWOIYn5wjmbA2B6J13lFMTs6PIguogapqaUCe9XOtvp8LNBnedIrN800Bc7dAEXenFJGGbDD6wHk%2F3uAyAQj4xn2ip5YwxOvR6NgRGSu%2BOsGaxER7GFiUMsgS%2Bqe4h5l5%2FbBoWzk2uGjBRhu8QwlI%2F%2FO5J9oF6zQonrgcMgyeOpyexN6PFYxteYroCvuhOjbjtYqZ%2F9ZjtkrJ7LTbD4N47OUlH0Rd0HHdA77mRMDI8PLdwEDQPpLrxHJpPtQJAnR5SKs9LgMm35SO9LpCaTbF4fXOOA35pE6qqZwhoxdGVXHJLnRpV%2BrLFEvXq1rULqxzTFlF6Yzfo5ugOXPhdACQN5d76Ssk1nRr6yIqLI%2BXwfMWTaUe0rNaBFfj8B8rPtLstlFow053DYwS4sJgZkqeF4%2B3wb6Ai0ZsrO4e8tI9SGEUM8bJzO4nonm9kJMQWmKDfUznpjKMWrdvmtP9nZxuKvsX32syiCdYJHdpUQxn%2F0IMVqzvQQ8oKN0aX1FnRiRFq6NZdgVwutfc4r8%2BTHtqfwI5VCdaVlck%2FPP6CwTCO00%2BoegLIt5ia5OZFV2q6rjBQKfbyxodHdX1Y5ufBomkS7bUT613KUikrHsZt4%2F%2F3cszAS0JErYnU4w%3D%3D&checksum=27304903715419824266a33c4485ac797aedd2d0eaaa&enc=AQAEAAACQBPxNw%2BVj6nta7CKEs3N0qWHXGJx0PCLIsBiVACulgpLKF4D2Pmws%2BnxojZ1LUtOSwtAmwJz7jNh61CY5AAQm2UuABbrKospn%2FIS%2BqsbCLQq2b6ucXcHDB%2BwcHX8EOMXMZ73HMoVHrlWOIYn5wjmbA2B6J13lFMTs6PIguogapqaUCe9XOtvp8LNBnedIrN800Bc7dAEXenFJGGbDD6wHk%2F3uAyAQj4xn2ip5YwxOvR6NgRGSu%2BOsGaxER7GFiUMsgS%2Bqe4h5l5%2FbBoWzk2uGjBRhu8QwlI%2F%2FO5J9oF6zQonrgcMgyeOpyexN6PFYxteYroCvuhOjbjtYqZ%2F9ZjtkrJ7LTbD4N47OUlH0Rd0HHdA77mRMDI8PLdwEDQPpLrxHJpPtQJAnR5SKs9LgMm35SO9LpCaTbF4fXOOA35pE6qqZwhoxdGVXHJLnRpV%2BrLFEvXq1rULqxzTFlF6Yzfo5ugOXPhdACQN5d76Ssk1nRr6yIqLI%2BXwfMWTaUe0rNaBFfj8B8rPtLstlFow053DYwS4sJgZkqeF4%2B3wb6Ai0ZsrO4e8tI9SGEUM8bJzO4nonm9kJMQWmKDfUznpjKMWrdvmtP9nZxuKvsX32syiCdYJHdpUQxn%2F0IMVqzvQQ8oKN0aX1FnRiRFq6NZdgVwutfc4r8%2BTHtqfwI5VCdaVlck%2FPP6CwTCO00%2BoegLIt5ia5OZFV2q6rjBQKfbyxodHdX1Y5ufBomkS7bUT613KUikrHsZt4%2F%2F3cszAS0JErYnU4w%3D%3D&checksum=27304903715419824266a33c4485ac797aedd2d0eaaa
Details about   Casio Men's Watch G-Shock Grey & Black Ana-Digi Dial Black Strap GA100C-8A,$62.96,US,"1,597",https://www.ebay.com/itm/Casio-Mens-Watch-G-Shock-Grey-Black-Ana-Digi-Dial-Black-Strap-GA100C-8A/231948085978?epid=233490929&hash=item36012eeada:g:FgsAAOSwwKpdwYLG
Details about   Citizen Eco-Drive Men's Proximity Bluetooth Silver-Tone 46mm Watch BZ1000-54E,$109.99,US,842,https://www.ebay.com/itm/Citizen-Eco-Drive-Mens-Proximity-Bluetooth-Silver-Tone-46mm-Watch-BZ1000-54E/263705104676?epid=8028680244&hash=item3d660c9124:g:3OEAAOSwzrNa7K5V:sc:FedExHomeDelivery!40291!US!-1
Details about   Mens Invicta Pro Diver Scuba 18kt Gold Plated Chronograph Green 48mm Watch New,$119.99,US,957,https://www.ebay.com/itm/Mens-Invicta-Pro-Diver-Scuba-18kt-Gold-Plated-Chronograph-Green-48mm-Watch-New/272837289313?hash=item3f865ea561:g:IfUAAOSw4HVWEa5k:sc:USPSPriorityMailPaddedFlatRateEnvelope!40291!US!-1
Details about   Casio G-Shock Black Resin Strap Men's Watch GA100-1A4,$58.75,US,243,https://www.ebay.com/itm/Casio-G-Shock-Black-Resin-Strap-Mens-Watch-GA100-1A4/153242720546?epid=9032778694&hash=item23adfa5922:g:bNYAAOSw8OFcB69a
Details about   Bulova CURV Men's Quartz Chronograph Black Leather Strap 43mm Watch 98A155,$144.99,US,215,https://www.ebay.com/itm/Bulova-CURV-Mens-Quartz-Chronograph-Black-Leather-Strap-43mm-Watch-98A155/292804967501?epid=21031751490&hash=item442c893c4d:g:68sAAOSwAUJdaANV:sc:FedExHomeDelivery!40291!US!-1
Details about   NEW Invicta Reserve Men's 52mm Hydromax Swiss GMT Stainless Steel 1000 M Watch,$89.99,US,,https://www.ebay.com/itm/NEW-Invicta-Reserve-Mens-52mm-Hydromax-Swiss-GMT-Stainless-Steel-1000-M-Watch/143428443811?epid=12031079257&hash=item2165005ea3:g:Z8oAAOSw5Pldu3Di:sc:USPSPriority!40291!US!-1
Details about   Bulova Men's 96A170 Automatic Skeleton Black Dial Silver-Tone Band 43mm Watch,$119.99,US,72,https://www.ebay.com/itm/Bulova-Mens-96A170-Automatic-Skeleton-Black-Dial-Silver-Tone-Band-43mm-Watch/113860261365?hash=item1a8299b5f5:g:VeEAAOSwigpc-rNN:sc:FedExHomeDelivery!40291!US!-1
Details about   Invicta Men's Watch Pro Diver Automatic Two Tone Stainless Steel Bracelet 8928OB,$80.43,US,"1,327",https://www.ebay.com/itm/Invicta-Mens-Watch-Pro-Diver-Automatic-Two-Tone-Stainless-Steel-Bracelet-8928OB/231404097975?epid=233487536&hash=item35e0c251b7:g:2dQAAOSwLpRdLEfi
Details about   Citizen Eco-Drive Men's Diamond Accents Black Bracelet 40mm Watch AU1054-54G,$66.99,US,79,https://www.ebay.com/itm/Citizen-Eco-Drive-Mens-Diamond-Accents-Black-Bracelet-40mm-Watch-AU1054-54G/264182160130?epid=710150970&hash=item3d827bdb02:g:yTMAAOSw6JhcWegM
Details about   Bulova Men's 98C60 Quartz Champagne Dial Two-Tone Bracelet 36mm Watch,$45.99,US,291,https://www.ebay.com/itm/Bulova-Mens-98C60-Quartz-Champagne-Dial-Two-Tone-Bracelet-36mm-Watch/113225467395?hash=item1a5cc38603:g:2J0AAOSwBFpbhG0d
Details about   Citizen Eco-Drive Men's Nighthawk Chronograph Black 42mm Watch CA0295-58E,$162.99,US,50,https://www.ebay.com/itm/Citizen-Eco-Drive-Mens-Nighthawk-Chronograph-Black-42mm-Watch-CA0295-58E/264175539929?epid=174006391&hash=item3d8216d6d9:g:5qUAAOSwAx9cUyQk:sc:FedExHomeDelivery!40291!US!-1
Details about   Citizen Navihawk UTC Eco-Drive Chronograph Men's Watch JY8030-83E,$308.19,US,52,https://www.ebay.com/itm/Citizen-Navihawk-UTC-Eco-Drive-Chronograph-Mens-Watch-JY8030-83E/173951841643?hash=item288056756b:g:Lf4AAOSweMRdG3HD
Details about   G-SHOCK GA700SE-1A2 Blue Men's Watch,$64.00,US,,https://www.ebay.com/itm/G-SHOCK-GA700SE-1A2-Blue-Mens-Watch/232771229586?epid=2163699985&hash=item36323f1792:g:KY4AAOSwJ7da~HMO
Details about   NEW Invicta Mens Pro Diver Scuba Chronograph 18KT Gold Plated Stainless St Watch,$79.49,US,,https://www.ebay.com/itm/NEW-Invicta-Mens-Pro-Diver-Scuba-Chronograph-18KT-Gold-Plated-Stainless-St-Watch/142923399289?epid=710172863&hash=item2146e60079:g:eH4AAOSwcRZbifJR:sc:USPSPriority!40291!US!-1
Details about   NEW Invicta Mens 48mm Pro Diver Scuba Chronograph Gold Dial 18K Gold IP SS Watch,$74.84,US,,https://www.ebay.com/itm/NEW-Invicta-Mens-48mm-Pro-Diver-Scuba-Chronograph-Gold-Dial-18K-Gold-IP-SS-Watch/292365228976?epid=11033516142&hash=item4412535bb0:g:WCYAAOSw0A9aLOXs
Details about    New Invicta Ninja  Men's S1 Rally Quartz Stainless Steel Silicone Strap Watch!!,$74.99,US,,https://www.ebay.com/itm/New-Invicta-Ninja-Mens-S1-Rally-Quartz-Stainless-Steel-Silicone-Strap-Watch/362790480264?hash=item5477ff6988:g:09kAAOSwg9RdskYJ:sc:USPSPriority!40291!US!-1
Details about   Fashion Men Military Tactical Digital Analog Sport Date Quartz Shock Wrist Watch,$13.86,US,407,https://www.ebay.com/itm/Fashion-Men-Military-Tactical-Digital-Analog-Sport-Date-Quartz-Shock-Wrist-Watch/303152849806?hash=item469551638e:m:myHnr58MIcqXMY3BEAgmiIg:sc:USPSFirstClass!40291!US!-1
Details about   Invicta Men 48mm Tonneau S1 Rally Race Team Swiss Z60 Chrono Grey Tone SS Watch,$98.99,US,,https://www.ebay.com/itm/Invicta-Men-48mm-Tonneau-S1-Rally-Race-Team-Swiss-Z60-Chrono-Grey-Tone-SS-Watch/143423028795?epid=2305954720&hash=item2164adbe3b:g:qxoAAOSwxlxds7yV:sc:USPSPriority!40291!US!-1
Details about   Citizen Men's Quartz Chronograph Blue Multi Dial 47mm Watch AN3620-51L,$69.99,US,26,https://www.ebay.com/itm/Citizen-Mens-Quartz-Chronograph-Blue-Multi-Dial-47mm-Watch-AN3620-51L/264476835152?hash=item3d940c3d50:g:xagAAOSwyH1dipss:sc:FedExHomeDelivery!40291!US!-1
Details about   Casio Men's Watch G-Shock Multi-Band 6 Tough Solar Black Strap GWM5610-1,$86.04,US,"1,854",https://www.ebay.com/itm/Casio-Mens-Watch-G-Shock-Multi-Band-6-Tough-Solar-Black-Strap-GWM5610-1/351601041627?epid=141038159&hash=item51dd0e20db:g:QF8AAOSwTC1dI1IA
Details about   NEW Invicta Men 48mm SPEEDWAY SCUBA Chronograph Sapphire Blue Two Tone SS Watch,$79.99,US,,https://www.ebay.com/itm/NEW-Invicta-Men-48mm-SPEEDWAY-SCUBA-Chronograph-Sapphire-Blue-Two-Tone-SS-Watch/133216791592?epid=24014239460&hash=item1f0456ec28:g:EqwAAOSwubdds7Ho:sc:USPSPriority!40291!US!-1
Details about   ✅ MOVADO Museum 2100005 Gold Classic Black Dial Leather Wrist Watch Men's !!!,$135.44,US,21,https://www.ebay.com/itm/MOVADO-Museum-2100005-Gold-Classic-Black-Dial-Leather-Wrist-Watch-Mens/123912195920?epid=174057956&_trkparms=ispr%3D1&hash=item1cd9be0f50:g:HiIAAOSwOw5dhAVd&enc=AQAEAAACQBPxNw%2BVj6nta7CKEs3N0qXR7L7VA5ezRPsVEDnyNzuMGlWTMEwsSy2xw8pHsJ1aktMATpEhXe7n%2FBC%2BxULKo6oje6SfUHhn52sDSr9qwEEsq6ZjdebIUvuGOUnkEwZOU0WIPWmdk8ga3iQnEz6HZBAlzPD%2BQyyTQC8m2pruyfxYULUBLX%2FKfPT2jTzKja7V5%2FtWm9ABSgnKWFS5h73D6Zz2Ab78Mj1QS5K7rQRPPwThJZt1McyAuCAEcd6yPrmwdATudK%2FNK8vjD149J1iOapa2VDChnlbBqOonT4IXa0B%2FSNGW3T5JCl0MdDWDC0XPpBk8l%2BrStTcO60grfplP4t2%2BrL2YReVPu5T5IaV0YTbe8CRVgu4pJ8YCzSBfxwq3aI4Ao0CWe7C%2BaiZtBsHeODTDv0GIYaqXtrPtB5S9MaaP970%2BgGCkfB3pixlyfKtYhePq6dZ8Vj1%2FsutueFGZ%2BOIAODsEv4AX6bvkf5JtTAYcV07D2hFYse%2B1CWxuBNFrHX9N45RUWdpVkEZgsp2gjr46S8KfCyAUR24INJaVMbPI%2FCIXBShvAtYFGmt6yZLlSaI53mSOk%2FUOWibHbhgEWoZRNRjBElAJNtD9RUfS%2BSmTyJKl36uBayZudFmJjwrXlsVKBdz3WFr92IrGunpV9ILVL0nU2Xbowt%2FlfezXBVA1kgqqkivpPRjGGbMkiPe1SzvRunjhEZEQOxUQyEhEwW1hesy3DxLAs4xcVEz76CLrfaT0fci5oqQeZmjoAT99Zg%3D%3D&checksum=12391219592019824266a33c4485ac797aedd2d0eaaa&enc=AQAEAAACQBPxNw%2BVj6nta7CKEs3N0qXR7L7VA5ezRPsVEDnyNzuMGlWTMEwsSy2xw8pHsJ1aktMATpEhXe7n%2FBC%2BxULKo6oje6SfUHhn52sDSr9qwEEsq6ZjdebIUvuGOUnkEwZOU0WIPWmdk8ga3iQnEz6HZBAlzPD%2BQyyTQC8m2pruyfxYULUBLX%2FKfPT2jTzKja7V5%2FtWm9ABSgnKWFS5h73D6Zz2Ab78Mj1QS5K7rQRPPwThJZt1McyAuCAEcd6yPrmwdATudK%2FNK8vjD149J1iOapa2VDChnlbBqOonT4IXa0B%2FSNGW3T5JCl0MdDWDC0XPpBk8l%2BrStTcO60grfplP4t2%2BrL2YReVPu5T5IaV0YTbe8CRVgu4pJ8YCzSBfxwq3aI4Ao0CWe7C%2BaiZtBsHeODTDv0GIYaqXtrPtB5S9MaaP970%2BgGCkfB3pixlyfKtYhePq6dZ8Vj1%2FsutueFGZ%2BOIAODsEv4AX6bvkf5JtTAYcV07D2hFYse%2B1CWxuBNFrHX9N45RUWdpVkEZgsp2gjr46S8KfCyAUR24INJaVMbPI%2FCIXBShvAtYFGmt6yZLlSaI53mSOk%2FUOWibHbhgEWoZRNRjBElAJNtD9RUfS%2BSmTyJKl36uBayZudFmJjwrXlsVKBdz3WFr92IrGunpV9ILVL0nU2Xbowt%2FlfezXBVA1kgqqkivpPRjGGbMkiPe1SzvRunjhEZEQOxUQyEhEwW1hesy3DxLAs4xcVEz76CLrfaT0fci5oqQeZmjoAT99Zg%3D%3D&checksum=12391219592019824266a33c4485ac797aedd2d0eaaa
Details about   CASIO Men Wrist Watch LED  Retro Digital  Unisex Classic New MULTICOLORE,$8.00,US,268,https://www.ebay.com/itm/CASIO-Men-Wrist-Watch-LED-Retro-Digital-Unisex-Classic-New-MULTICOLORE/383203553465?_trkparms=ispr%3D1&hash=item5938b630b9:m:m9JO-CIDQJBzXStPgpEFA9g&enc=AQAEAAACQBPxNw%2BVj6nta7CKEs3N0qWRhLY8qSR0FjRt8cqqoTp6U8uprNTb7SwoAPmDm8aUsfJlc1snbQLUoarqF2tWoEUcl%2B3FnR5lbQZzD81z3xzeobtlS7NR10QoKRG%2FlDCbRlDKQ09zn1GxPqlntAi%2BSoEWRCRB5%2BlzpiS149FRQUTtcE0BzVZFK25w5dgQSb1QQ0TD0HUbGb4%2B83Yyfqjj4GCDmqDgdj6hQMGZAD%2FqyVjiIkJ45x6wI4VcHywL27evXquhDdfwfXxfsqEznWcxwbfGnfjl19CxaQwkC125csrsKeebBFEXBuPFnYc44AdI7wZ5GEX%2BkQaeKAqJSjC0wq800NhXeEi%2BlvaujWgyDGS2IgFMdDWfgJG3h30%2FVZvndHOSfgGwmyx1VqOmWOk0A1otewWFevn0uGzDWbCRN%2BCI5WZ8tBZJ2vYJBZRCIwIYSQbrPemYURVGGbHPPDOBAF8gKMV4unI0eR7VXyQL6GY93QTrHoQJabdumYJ%2BA2XSKjilAyQRdjNKcP0CVsuuNEAovG7Y%2FnSU72DuYwexjXwz92ssHJQPuxip%2Bh4JmKJ2%2Bx9rl%2BAoZZY1ES0pWSOU0dLd2GPb0MtUkNXhvSTOXWk6mUVTECkSOuikLOIveDxe1DqnJmoGbztL1CBTp6uTy9uFBl0C1TOnzjlhPW1iMgPZbhaLg547ZIDaa7sdYppnclNB2pNrKioW1LCt4AJB2NY2Z5KpiH%2BwQnxdBXM8c0XDS8oJePK2C7yzpGlyyrljXQ%3D%3D&checksum=38320355346519824266a33c4485ac797aedd2d0eaaa&enc=AQAEAAACQBPxNw%2BVj6nta7CKEs3N0qWRhLY8qSR0FjRt8cqqoTp6U8uprNTb7SwoAPmDm8aUsfJlc1snbQLUoarqF2tWoEUcl%2B3FnR5lbQZzD81z3xzeobtlS7NR10QoKRG%2FlDCbRlDKQ09zn1GxPqlntAi%2BSoEWRCRB5%2BlzpiS149FRQUTtcE0BzVZFK25w5dgQSb1QQ0TD0HUbGb4%2B83Yyfqjj4GCDmqDgdj6hQMGZAD%2FqyVjiIkJ45x6wI4VcHywL27evXquhDdfwfXxfsqEznWcxwbfGnfjl19CxaQwkC125csrsKeebBFEXBuPFnYc44AdI7wZ5GEX%2BkQaeKAqJSjC0wq800NhXeEi%2BlvaujWgyDGS2IgFMdDWfgJG3h30%2FVZvndHOSfgGwmyx1VqOmWOk0A1otewWFevn0uGzDWbCRN%2BCI5WZ8tBZJ2vYJBZRCIwIYSQbrPemYURVGGbHPPDOBAF8gKMV4unI0eR7VXyQL6GY93QTrHoQJabdumYJ%2BA2XSKjilAyQRdjNKcP0CVsuuNEAovG7Y%2FnSU72DuYwexjXwz92ssHJQPuxip%2Bh4JmKJ2%2Bx9rl%2BAoZZY1ES0pWSOU0dLd2GPb0MtUkNXhvSTOXWk6mUVTECkSOuikLOIveDxe1DqnJmoGbztL1CBTp6uTy9uFBl0C1TOnzjlhPW1iMgPZbhaLg547ZIDaa7sdYppnclNB2pNrKioW1LCt4AJB2NY2Z5KpiH%2BwQnxdBXM8c0XDS8oJePK2C7yzpGlyyrljXQ%3D%3D&checksum=38320355346519824266a33c4485ac797aedd2d0eaaa
